Year,Origin_Country_Code,Origin_Country,Destination_Country_Code,Destination_Country,Avg_Exp_per_Night
2018,AT,Austria,AT,Austria,113
2018,AT,Austria,BE,Belgium,341
2018,AT,Austria,BG,Bulgaria,122
2018,AT,Austria,CH,Switzerland,170
2018,AT,Austria,CY,Cyprus,179
2018,AT,Austria,CZ,Czechia,124
2018,AT,Austria,DE,Germany,156
2018,AT,Austria,EL,Greece,168
2018,AT,Austria,ES,Spain,210
2018,AT,Austria,FR,France,203
2018,AT,Austria,HR,Croatia,141
2018,AT,Austria,HU,Hungary,129
2018,AT,Austria,IE,Ireland,169
2018,AT,Austria,IT,Italy,156
2018,AT,Austria,NL,Netherlands,152
2018,AT,Austria,NO,Norway,205
2018,AT,Austria,PL,Poland,96
2018,AT,Austria,PT,Portugal,164
2018,AT,Austria,RO,Romania,99
2018,AT,Austria,SE,Sweden,174
2018,AT,Austria,SI,Slovenia,140
2018,AT,Austria,SK,Slovakia,154
2018,AT,Austria,TR,Turkey,98
2018,AT,Austria,UK,United Kingdom,175
2018,BE,Belgium,AT,Austria,120
2018,BE,Belgium,BE,Belgium,59
2018,BE,Belgium,BG,Bulgaria,37
2018,BE,Belgium,CH,Switzerland,137
2018,BE,Belgium,CZ,Czechia,68
2018,BE,Belgium,DE,Germany,112
2018,BE,Belgium,DK,Denmark,112
2018,BE,Belgium,EL,Greece,103
2018,BE,Belgium,ES,Spain,105
2018,BE,Belgium,FR,France,88
2018,BE,Belgium,HR,Croatia,100
2018,BE,Belgium,HU,Hungary,71
2018,BE,Belgium,IE,Ireland,149
2018,BE,Belgium,IT,Italy,111
2018,BE,Belgium,LU,Luxembourg,124
2018,BE,Belgium,MT,Malta,119
2018,BE,Belgium,NL,Netherlands,87
2018,BE,Belgium,NO,Norway,116
2018,BE,Belgium,PL,Poland,103
2018,BE,Belgium,PT,Portugal,111
2018,BE,Belgium,RO,Romania,32
2018,BE,Belgium,SE,Sweden,139
2018,BE,Belgium,SI,Slovenia,56
2018,BE,Belgium,TR,Turkey,56
2018,BE,Belgium,UK,United Kingdom,140
2018,BG,Bulgaria,BG,Bulgaria,31
2018,BG,Bulgaria,DE,Germany,36
2018,BG,Bulgaria,EL,Greece,60
2018,BG,Bulgaria,IT,Italy,71
2018,BG,Bulgaria,RO,Romania,54
2018,BG,Bulgaria,TR,Turkey,61
2018,BG,Bulgaria,UK,United Kingdom,22
2018,CH,Switzerland,AT,Austria,149
2018,CH,Switzerland,CH,Switzerland,96
2018,CH,Switzerland,DE,Germany,122
2018,CH,Switzerland,EL,Greece,122
2018,CH,Switzerland,ES,Spain,140
2018,CH,Switzerland,FR,France,105
2018,CH,Switzerland,HR,Croatia,72
2018,CH,Switzerland,IT,Italy,124
2018,CH,Switzerland,NL,Netherlands,101
2018,CH,Switzerland,PT,Portugal,96
2018,CH,Switzerland,TR,Turkey,118
2018,CH,Switzerland,UK,United Kingdom,218
2018,CY,Cyprus,BG,Bulgaria,57
2018,CY,Cyprus,CY,Cyprus,50
2018,CY,Cyprus,DE,Germany,123
2018,CY,Cyprus,EL,Greece,151
2018,CY,Cyprus,IT,Italy,250
2018,CY,Cyprus,UK,United Kingdom,86
2018,CZ,Czechia,AT,Austria,80
2018,CZ,Czechia,BG,Bulgaria,78
2018,CZ,Czechia,CH,Switzerland,100
2018,CZ,Czechia,CZ,Czechia,22
2018,CZ,Czechia,DE,Germany,97
2018,CZ,Czechia,EL,Greece,81
2018,CZ,Czechia,ES,Spain,88
2018,CZ,Czechia,FR,France,84
2018,CZ,Czechia,HR,Croatia,52
2018,CZ,Czechia,HU,Hungary,62
2018,CZ,Czechia,IT,Italy,91
2018,CZ,Czechia,PL,Poland,54
2018,CZ,Czechia,SK,Slovakia,42
2018,CZ,Czechia,TR,Turkey,84
2018,CZ,Czechia,UK,United Kingdom,95
2018,DE,Germany,AT,Austria,125
2018,DE,Germany,BE,Belgium,125
2018,DE,Germany,BG,Bulgaria,141
2018,DE,Germany,CH,Switzerland,130
2018,DE,Germany,CZ,Czechia,111
2018,DE,Germany,DE,Germany,95
2018,DE,Germany,DK,Denmark,64
2018,DE,Germany,EL,Greece,134
2018,DE,Germany,ES,Spain,182
2018,DE,Germany,FR,France,135
2018,DE,Germany,HR,Croatia,72
2018,DE,Germany,HU,Hungary,67
2018,DE,Germany,IE,Ireland,113
2018,DE,Germany,IT,Italy,136
2018,DE,Germany,NL,Netherlands,127
2018,DE,Germany,NO,Norway,94
2018,DE,Germany,PL,Poland,108
2018,DE,Germany,PT,Portugal,125
2018,DE,Germany,SE,Sweden,66
2018,DE,Germany,TR,Turkey,116
2018,DE,Germany,UK,United Kingdom,168
2018,DK,Denmark,AT,Austria,281
2018,DK,Denmark,DE,Germany,295
2018,DK,Denmark,DK,Denmark,138
2018,DK,Denmark,EL,Greece,289
2018,DK,Denmark,ES,Spain,229
2018,DK,Denmark,FR,France,144
2018,DK,Denmark,IT,Italy,179
2018,DK,Denmark,NL,Netherlands,243
2018,DK,Denmark,NO,Norway,220
2018,DK,Denmark,PL,Poland,210
2018,DK,Denmark,PT,Portugal,221
2018,DK,Denmark,SE,Sweden,206
2018,DK,Denmark,TR,Turkey,185
2018,DK,Denmark,UK,United Kingdom,206
2018,EE,Estonia,DE,Germany,197
2018,EE,Estonia,EE,Estonia,59
2018,EE,Estonia,EL,Greece,133
2018,EE,Estonia,ES,Spain,158
2018,EE,Estonia,FI,Finland,84
2018,EE,Estonia,FR,France,202
2018,EE,Estonia,IT,Italy,191
2018,EE,Estonia,LT,Lithuania,144
2018,EE,Estonia,LV,Latvia,145
2018,EE,Estonia,NO,Norway,121
2018,EE,Estonia,PL,Poland,176
2018,EE,Estonia,SE,Sweden,97
2018,EE,Estonia,TR,Turkey,143
2018,EE,Estonia,UK,United Kingdom,149
2018,EL,Greece,AT,Austria,92
2018,EL,Greece,BG,Bulgaria,50
2018,EL,Greece,CH,Switzerland,83
2018,EL,Greece,CY,Cyprus,58
2018,EL,Greece,CZ,Czechia,110
2018,EL,Greece,DE,Germany,63
2018,EL,Greece,EL,Greece,44
2018,EL,Greece,ES,Spain,100
2018,EL,Greece,FR,France,100
2018,EL,Greece,HU,Hungary,129
2018,EL,Greece,IT,Italy,106
2018,EL,Greece,NL,Netherlands,73
2018,EL,Greece,RO,Romania,75
2018,EL,Greece,TR,Turkey,63
2018,EL,Greece,UK,United Kingdom,98
2018,ES,Spain,AT,Austria,184
2018,ES,Spain,BE,Belgium,173
2018,ES,Spain,CH,Switzerland,167
2018,ES,Spain,CZ,Czechia,181
2018,ES,Spain,DE,Germany,167
2018,ES,Spain,DK,Denmark,87
2018,ES,Spain,EL,Greece,163
2018,ES,Spain,ES,Spain,54
2018,ES,Spain,FI,Finland,156
2018,ES,Spain,FR,France,118
2018,ES,Spain,HR,Croatia,119
2018,ES,Spain,HU,Hungary,125
2018,ES,Spain,IE,Ireland,112
2018,ES,Spain,IS,Iceland,166
2018,ES,Spain,IT,Italy,169
2018,ES,Spain,MT,Malta,160
2018,ES,Spain,NL,Netherlands,153
2018,ES,Spain,NO,Norway,179
2018,ES,Spain,PL,Poland,126
2018,ES,Spain,PT,Portugal,122
2018,ES,Spain,RO,Romania,67
2018,ES,Spain,SE,Sweden,108
2018,ES,Spain,TR,Turkey,143
2018,ES,Spain,UK,United Kingdom,141
2018,FI,Finland,AT,Austria,200
2018,FI,Finland,BE,Belgium,321
2018,FI,Finland,CZ,Czechia,141
2018,FI,Finland,DE,Germany,241
2018,FI,Finland,DK,Denmark,267
2018,FI,Finland,EE,Estonia,160
2018,FI,Finland,EL,Greece,143
2018,FI,Finland,ES,Spain,103
2018,FI,Finland,FI,Finland,73
2018,FI,Finland,FR,France,172
2018,FI,Finland,HR,Croatia,165
2018,FI,Finland,HU,Hungary,134
2018,FI,Finland,IT,Italy,176
2018,FI,Finland,LV,Latvia,202
2018,FI,Finland,NL,Netherlands,185
2018,FI,Finland,NO,Norway,196
2018,FI,Finland,PL,Poland,122
2018,FI,Finland,PT,Portugal,154
2018,FI,Finland,SE,Sweden,165
2018,FI,Finland,TR,Turkey,97
2018,FI,Finland,UK,United Kingdom,280
2018,FR,France,AT,Austria,132
2018,FR,France,BE,Belgium,103
2018,FR,France,BG,Bulgaria,173
2018,FR,France,CH,Switzerland,106
2018,FR,France,CZ,Czechia,161
2018,FR,France,DE,Germany,156
2018,FR,France,DK,Denmark,143
2018,FR,France,EL,Greece,145
2018,FR,France,ES,Spain,125
2018,FR,France,FI,Finland,90
2018,FR,France,FR,France,70
2018,FR,France,HR,Croatia,134
2018,FR,France,HU,Hungary,163
2018,FR,France,IE,Ireland,149
2018,FR,France,IT,Italy,149
2018,FR,France,LU,Luxembourg,152
2018,FR,France,MT,Malta,131
2018,FR,France,NL,Netherlands,141
2018,FR,France,NO,Norway,259
2018,FR,France,PL,Poland,150
2018,FR,France,PT,Portugal,116
2018,FR,France,RO,Romania,145
2018,FR,France,SE,Sweden,215
2018,FR,France,TR,Turkey,93
2018,FR,France,UK,United Kingdom,162
2018,HR,Croatia,AT,Austria,96
2018,HR,Croatia,CH,Switzerland,37
2018,HR,Croatia,CZ,Czechia,132
2018,HR,Croatia,DE,Germany,113
2018,HR,Croatia,ES,Spain,141
2018,HR,Croatia,FR,France,82
2018,HR,Croatia,HR,Croatia,44
2018,HR,Croatia,HU,Hungary,109
2018,HR,Croatia,IT,Italy,116
2018,HR,Croatia,NL,Netherlands,180
2018,HR,Croatia,SI,Slovenia,81
2018,HR,Croatia,UK,United Kingdom,126
2018,HU,Hungary,AT,Austria,52
2018,HU,Hungary,BE,Belgium,93
2018,HU,Hungary,BG,Bulgaria,39
2018,HU,Hungary,CH,Switzerland,71
2018,HU,Hungary,CZ,Czechia,89
2018,HU,Hungary,DE,Germany,89
2018,HU,Hungary,DK,Denmark,49
2018,HU,Hungary,EL,Greece,80
2018,HU,Hungary,ES,Spain,90
2018,HU,Hungary,FI,Finland,51
2018,HU,Hungary,FR,France,97
2018,HU,Hungary,HR,Croatia,53
2018,HU,Hungary,HU,Hungary,26
2018,HU,Hungary,IE,Ireland,46
2018,HU,Hungary,IT,Italy,80
2018,HU,Hungary,MT,Malta,80
2018,HU,Hungary,NL,Netherlands,82
2018,HU,Hungary,NO,Norway,54
2018,HU,Hungary,PL,Poland,77
2018,HU,Hungary,PT,Portugal,87
2018,HU,Hungary,RO,Romania,27
2018,HU,Hungary,SE,Sweden,47
2018,HU,Hungary,SI,Slovenia,46
2018,HU,Hungary,SK,Slovakia,34
2018,HU,Hungary,TR,Turkey,89
2018,HU,Hungary,UK,United Kingdom,120
2018,IE,Ireland,AT,Austria,186
2018,IE,Ireland,BE,Belgium,198
2018,IE,Ireland,CH,Switzerland,153
2018,IE,Ireland,CZ,Czechia,119
2018,IE,Ireland,DE,Germany,162
2018,IE,Ireland,DK,Denmark,177
2018,IE,Ireland,EL,Greece,83
2018,IE,Ireland,ES,Spain,145
2018,IE,Ireland,FR,France,146
2018,IE,Ireland,HR,Croatia,122
2018,IE,Ireland,HU,Hungary,143
2018,IE,Ireland,IE,Ireland,73
2018,IE,Ireland,IT,Italy,159
2018,IE,Ireland,MT,Malta,114
2018,IE,Ireland,NL,Netherlands,196
2018,IE,Ireland,PL,Poland,80
2018,IE,Ireland,PT,Portugal,138
2018,IE,Ireland,SE,Sweden,112
2018,IE,Ireland,TR,Turkey,154
2018,IE,Ireland,UK,United Kingdom,131
2018,IT,Italy,AT,Austria,127
2018,IT,Italy,CH,Switzerland,87
2018,IT,Italy,DE,Germany,67
2018,IT,Italy,EL,Greece,111
2018,IT,Italy,ES,Spain,108
2018,IT,Italy,FR,France,111
2018,IT,Italy,HR,Croatia,92
2018,IT,Italy,IT,Italy,71
2018,IT,Italy,NL,Netherlands,90
2018,IT,Italy,PT,Portugal,127
2018,IT,Italy,RO,Romania,28
2018,IT,Italy,UK,United Kingdom,84
2018,LT,Lithuania,AT,Austria,140
2018,LT,Lithuania,BE,Belgium,135
2018,LT,Lithuania,BG,Bulgaria,87
2018,LT,Lithuania,CH,Switzerland,93
2018,LT,Lithuania,CY,Cyprus,61
2018,LT,Lithuania,CZ,Czechia,111
2018,LT,Lithuania,DE,Germany,65
2018,LT,Lithuania,DK,Denmark,89
2018,LT,Lithuania,EE,Estonia,77
2018,LT,Lithuania,EL,Greece,90
2018,LT,Lithuania,ES,Spain,70
2018,LT,Lithuania,FI,Finland,94
2018,LT,Lithuania,FR,France,76
2018,LT,Lithuania,HR,Croatia,65
2018,LT,Lithuania,HU,Hungary,119
2018,LT,Lithuania,IE,Ireland,72
2018,LT,Lithuania,IT,Italy,95
2018,LT,Lithuania,LT,Lithuania,27
2018,LT,Lithuania,LV,Latvia,56
2018,LT,Lithuania,NL,Netherlands,82
2018,LT,Lithuania,NO,Norway,80
2018,LT,Lithuania,PL,Poland,81
2018,LT,Lithuania,PT,Portugal,83
2018,LT,Lithuania,SE,Sweden,102
2018,LT,Lithuania,SK,Slovakia,89
2018,LT,Lithuania,TR,Turkey,81
2018,LT,Lithuania,UK,United Kingdom,63
2018,LU,Luxembourg,AT,Austria,193
2018,LU,Luxembourg,BE,Belgium,101
2018,LU,Luxembourg,BG,Bulgaria,72
2018,LU,Luxembourg,CH,Switzerland,213
2018,LU,Luxembourg,CZ,Czechia,65
2018,LU,Luxembourg,DE,Germany,151
2018,LU,Luxembourg,DK,Denmark,151
2018,LU,Luxembourg,EL,Greece,102
2018,LU,Luxembourg,ES,Spain,191
2018,LU,Luxembourg,FR,France,122
2018,LU,Luxembourg,HR,Croatia,125
2018,LU,Luxembourg,HU,Hungary,95
2018,LU,Luxembourg,IE,Ireland,138
2018,LU,Luxembourg,IT,Italy,144
2018,LU,Luxembourg,LU,Luxembourg,85
2018,LU,Luxembourg,NL,Netherlands,132
2018,LU,Luxembourg,PL,Poland,154
2018,LU,Luxembourg,PT,Portugal,103
2018,LU,Luxembourg,RO,Romania,94
2018,LU,Luxembourg,SE,Sweden,84
2018,LU,Luxembourg,TR,Turkey,105
2018,LU,Luxembourg,UK,United Kingdom,183
2018,LV,Latvia,DE,Germany,68
2018,LV,Latvia,EE,Estonia,80
2018,LV,Latvia,EL,Greece,72
2018,LV,Latvia,ES,Spain,67
2018,LV,Latvia,IT,Italy,94
2018,LV,Latvia,LT,Lithuania,75
2018,LV,Latvia,LV,Latvia,20
2018,LV,Latvia,NO,Norway,51
2018,LV,Latvia,PL,Poland,100
2018,LV,Latvia,SE,Sweden,122
2018,LV,Latvia,UK,United Kingdom,53
2018,MT,Malta,AT,Austria,150
2018,MT,Malta,BE,Belgium,163
2018,MT,Malta,CH,Switzerland,145
2018,MT,Malta,CZ,Czechia,177
2018,MT,Malta,DE,Germany,186
2018,MT,Malta,EL,Greece,162
2018,MT,Malta,ES,Spain,166
2018,MT,Malta,FR,France,215
2018,MT,Malta,HU,Hungary,149
2018,MT,Malta,IE,Ireland,128
2018,MT,Malta,IT,Italy,169
2018,MT,Malta,MT,Malta,60
2018,MT,Malta,NL,Netherlands,223
2018,MT,Malta,PL,Poland,132
2018,MT,Malta,PT,Portugal,126
2018,MT,Malta,SI,Slovenia,152
2018,MT,Malta,UK,United Kingdom,179
2018,NL,Netherlands,AT,Austria,107
2018,NL,Netherlands,BE,Belgium,97
2018,NL,Netherlands,BG,Bulgaria,63
2018,NL,Netherlands,CH,Switzerland,79
2018,NL,Netherlands,CY,Cyprus,108
2018,NL,Netherlands,CZ,Czechia,99
2018,NL,Netherlands,DE,Germany,103
2018,NL,Netherlands,DK,Denmark,127
2018,NL,Netherlands,EL,Greece,88
2018,NL,Netherlands,ES,Spain,116
2018,NL,Netherlands,FI,Finland,188
2018,NL,Netherlands,FR,France,92
2018,NL,Netherlands,HR,Croatia,55
2018,NL,Netherlands,HU,Hungary,132
2018,NL,Netherlands,IE,Ireland,135
2018,NL,Netherlands,IS,Iceland,192
2018,NL,Netherlands,IT,Italy,120
2018,NL,Netherlands,LU,Luxembourg,71
2018,NL,Netherlands,MT,Malta,117
2018,NL,Netherlands,NL,Netherlands,48
2018,NL,Netherlands,NO,Norway,109
2018,NL,Netherlands,PL,Poland,99
2018,NL,Netherlands,PT,Portugal,106
2018,NL,Netherlands,RO,Romania,85
2018,NL,Netherlands,SE,Sweden,131
2018,NL,Netherlands,TR,Turkey,78
2018,NL,Netherlands,UK,United Kingdom,165
2018,NO,Norway,DE,Germany,233
2018,NO,Norway,DK,Denmark,202
2018,NO,Norway,EL,Greece,211
2018,NO,Norway,ES,Spain,213
2018,NO,Norway,FI,Finland,246
2018,NO,Norway,FR,France,267
2018,NO,Norway,HR,Croatia,264
2018,NO,Norway,IT,Italy,258
2018,NO,Norway,LT,Lithuania,81
2018,NO,Norway,NL,Netherlands,239
2018,NO,Norway,NO,Norway,104
2018,NO,Norway,PL,Poland,216
2018,NO,Norway,PT,Portugal,201
2018,NO,Norway,SE,Sweden,155
2018,NO,Norway,TR,Turkey,137
2018,NO,Norway,UK,United Kingdom,362
2018,PL,Poland,AT,Austria,89
2018,PL,Poland,BE,Belgium,164
2018,PL,Poland,BG,Bulgaria,68
2018,PL,Poland,CH,Switzerland,116
2018,PL,Poland,CY,Cyprus,91
2018,PL,Poland,CZ,Czechia,110
2018,PL,Poland,DE,Germany,72
2018,PL,Poland,DK,Denmark,102
2018,PL,Poland,EE,Estonia,125
2018,PL,Poland,EL,Greece,83
2018,PL,Poland,ES,Spain,108
2018,PL,Poland,FI,Finland,62
2018,PL,Poland,FR,France,143
2018,PL,Poland,HR,Croatia,61
2018,PL,Poland,HU,Hungary,86
2018,PL,Poland,IE,Ireland,71
2018,PL,Poland,IS,Iceland,82
2018,PL,Poland,IT,Italy,87
2018,PL,Poland,LT,Lithuania,73
2018,PL,Poland,LU,Luxembourg,54
2018,PL,Poland,LV,Latvia,110
2018,PL,Poland,MT,Malta,83
2018,PL,Poland,NL,Netherlands,94
2018,PL,Poland,NO,Norway,76
2018,PL,Poland,PL,Poland,31
2018,PL,Poland,PT,Portugal,98
2018,PL,Poland,RO,Romania,72
2018,PL,Poland,SE,Sweden,84
2018,PL,Poland,SI,Slovenia,95
2018,PL,Poland,SK,Slovakia,157
2018,PL,Poland,TR,Turkey,88
2018,PL,Poland,UK,United Kingdom,70
2018,PT,Portugal,BE,Belgium,97
2018,PT,Portugal,CH,Switzerland,74
2018,PT,Portugal,DE,Germany,98
2018,PT,Portugal,ES,Spain,85
2018,PT,Portugal,FR,France,85
2018,PT,Portugal,HR,Croatia,104
2018,PT,Portugal,IT,Italy,110
2018,PT,Portugal,LU,Luxembourg,36
2018,PT,Portugal,NL,Netherlands,103
2018,PT,Portugal,PL,Poland,58
2018,PT,Portugal,PT,Portugal,37
2018,PT,Portugal,UK,United Kingdom,85
2018,RO,Romania,AT,Austria,107
2018,RO,Romania,BG,Bulgaria,66
2018,RO,Romania,DE,Germany,30
2018,RO,Romania,EL,Greece,67
2018,RO,Romania,ES,Spain,48
2018,RO,Romania,HU,Hungary,50
2018,RO,Romania,IT,Italy,94
2018,RO,Romania,RO,Romania,36
2018,RO,Romania,TR,Turkey,83
2018,RS,Serbia,AT,Austria,48
2018,RS,Serbia,DE,Germany,22
2018,RS,Serbia,HU,Hungary,58
2018,SE,Sweden,AT,Austria,258
2018,SE,Sweden,BE,Belgium,412
2018,SE,Sweden,CH,Switzerland,304
2018,SE,Sweden,CY,Cyprus,160
2018,SE,Sweden,CZ,Czechia,208
2018,SE,Sweden,DE,Germany,211
2018,SE,Sweden,DK,Denmark,293
2018,SE,Sweden,EE,Estonia,176
2018,SE,Sweden,EL,Greece,188
2018,SE,Sweden,ES,Spain,203
2018,SE,Sweden,FI,Finland,157
2018,SE,Sweden,FR,France,176
2018,SE,Sweden,HR,Croatia,197
2018,SE,Sweden,HU,Hungary,171
2018,SE,Sweden,IE,Ireland,312
2018,SE,Sweden,IT,Italy,251
2018,SE,Sweden,LV,Latvia,193
2018,SE,Sweden,NL,Netherlands,305
2018,SE,Sweden,NO,Norway,207
2018,SE,Sweden,PL,Poland,206
2018,SE,Sweden,PT,Portugal,173
2018,SE,Sweden,SE,Sweden,95
2018,SE,Sweden,TR,Turkey,192
2018,SE,Sweden,UK,United Kingdom,231
2018,SI,Slovenia,AT,Austria,91
2018,SI,Slovenia,CZ,Czechia,116
2018,SI,Slovenia,DE,Germany,134
2018,SI,Slovenia,EL,Greece,113
2018,SI,Slovenia,ES,Spain,74
2018,SI,Slovenia,FR,France,111
2018,SI,Slovenia,HR,Croatia,43
2018,SI,Slovenia,HU,Hungary,75
2018,SI,Slovenia,IT,Italy,107
2018,SI,Slovenia,NL,Netherlands,117
2018,SI,Slovenia,SI,Slovenia,45
2018,SI,Slovenia,UK,United Kingdom,86
2018,SK,Slovakia,AT,Austria,72
2018,SK,Slovakia,BG,Bulgaria,86
2018,SK,Slovakia,CZ,Czechia,52
2018,SK,Slovakia,DE,Germany,79
2018,SK,Slovakia,EL,Greece,85
2018,SK,Slovakia,ES,Spain,81
2018,SK,Slovakia,FR,France,112
2018,SK,Slovakia,HR,Croatia,74
2018,SK,Slovakia,HU,Hungary,77
2018,SK,Slovakia,IT,Italy,82
2018,SK,Slovakia,PL,Poland,84
2018,SK,Slovakia,SK,Slovakia,39
2018,SK,Slovakia,TR,Turkey,98
2018,SK,Slovakia,UK,United Kingdom,71
2019,AL,Albania,AT,Austria,29
2019,AL,Albania,CH,Switzerland,32
2019,AL,Albania,DE,Germany,10
2019,AL,Albania,EL,Greece,24
2019,AL,Albania,FR,France,16
2019,AL,Albania,IT,Italy,25
2019,AL,Albania,PT,Portugal,51
2019,AL,Albania,TR,Turkey,33
2019,AT,Austria,AT,Austria,120
2019,AT,Austria,BE,Belgium,199
2019,AT,Austria,CH,Switzerland,151
2019,AT,Austria,CZ,Czechia,156
2019,AT,Austria,DE,Germany,176
2019,AT,Austria,DK,Denmark,154
2019,AT,Austria,EL,Greece,145
2019,AT,Austria,ES,Spain,206
2019,AT,Austria,FR,France,208
2019,AT,Austria,HR,Croatia,136
2019,AT,Austria,HU,Hungary,107
2019,AT,Austria,IE,Ireland,167
2019,AT,Austria,IT,Italy,162
2019,AT,Austria,NL,Netherlands,172
2019,AT,Austria,NO,Norway,214
2019,AT,Austria,PL,Poland,123
2019,AT,Austria,PT,Portugal,184
2019,AT,Austria,RO,Romania,153
2019,AT,Austria,SE,Sweden,129
2019,AT,Austria,SI,Slovenia,135
2019,AT,Austria,SK,Slovakia,134
2019,AT,Austria,TR,Turkey,95
2019,AT,Austria,UK,United Kingdom,196
2019,BE,Belgium,AT,Austria,156
2019,BE,Belgium,BE,Belgium,63
2019,BE,Belgium,BG,Bulgaria,49
2019,BE,Belgium,CH,Switzerland,144
2019,BE,Belgium,CZ,Czechia,75
2019,BE,Belgium,DE,Germany,93
2019,BE,Belgium,DK,Denmark,71
2019,BE,Belgium,EL,Greece,94
2019,BE,Belgium,ES,Spain,116
2019,BE,Belgium,FR,France,91
2019,BE,Belgium,HR,Croatia,82
2019,BE,Belgium,HU,Hungary,52
2019,BE,Belgium,IE,Ireland,221
2019,BE,Belgium,IT,Italy,115
2019,BE,Belgium,LU,Luxembourg,111
2019,BE,Belgium,NL,Netherlands,86
2019,BE,Belgium,NO,Norway,103
2019,BE,Belgium,PL,Poland,86
2019,BE,Belgium,PT,Portugal,123
2019,BE,Belgium,RO,Romania,51
2019,BE,Belgium,SE,Sweden,76
2019,BE,Belgium,TR,Turkey,85
2019,BE,Belgium,UK,United Kingdom,130
2019,BG,Bulgaria,BG,Bulgaria,35
2019,BG,Bulgaria,DE,Germany,46
2019,BG,Bulgaria,EL,Greece,58
2019,BG,Bulgaria,IT,Italy,103
2019,BG,Bulgaria,TR,Turkey,76
2019,CH,Switzerland,AT,Austria,173
2019,CH,Switzerland,CH,Switzerland,105
2019,CH,Switzerland,CZ,Czechia,61
2019,CH,Switzerland,DE,Germany,134
2019,CH,Switzerland,EL,Greece,138
2019,CH,Switzerland,ES,Spain,115
2019,CH,Switzerland,FR,France,128
2019,CH,Switzerland,HR,Croatia,109
2019,CH,Switzerland,IT,Italy,122
2019,CH,Switzerland,NL,Netherlands,144
2019,CH,Switzerland,PT,Portugal,82
2019,CH,Switzerland,UK,United Kingdom,173
2019,CY,Cyprus,AT,Austria,225
2019,CY,Cyprus,BE,Belgium,357
2019,CY,Cyprus,BG,Bulgaria,43
2019,CY,Cyprus,CY,Cyprus,52
2019,CY,Cyprus,DE,Germany,148
2019,CY,Cyprus,EL,Greece,159
2019,CY,Cyprus,IT,Italy,210
2019,CY,Cyprus,NL,Netherlands,109
2019,CY,Cyprus,RO,Romania,73
2019,CY,Cyprus,UK,United Kingdom,182
2019,CZ,Czechia,AT,Austria,76
2019,CZ,Czechia,BG,Bulgaria,68
2019,CZ,Czechia,CZ,Czechia,22
2019,CZ,Czechia,DE,Germany,72
2019,CZ,Czechia,EL,Greece,76
2019,CZ,Czechia,ES,Spain,93
2019,CZ,Czechia,FR,France,86
2019,CZ,Czechia,HR,Croatia,56
2019,CZ,Czechia,HU,Hungary,71
2019,CZ,Czechia,IT,Italy,90
2019,CZ,Czechia,PL,Poland,67
2019,CZ,Czechia,SK,Slovakia,47
2019,CZ,Czechia,TR,Turkey,85
2019,CZ,Czechia,UK,United Kingdom,70
2019,DE,Germany,AT,Austria,124
2019,DE,Germany,BE,Belgium,149
2019,DE,Germany,BG,Bulgaria,73
2019,DE,Germany,CH,Switzerland,133
2019,DE,Germany,CZ,Czechia,126
2019,DE,Germany,DE,Germany,96
2019,DE,Germany,DK,Denmark,95
2019,DE,Germany,EL,Greece,117
2019,DE,Germany,ES,Spain,169
2019,DE,Germany,FR,France,131
2019,DE,Germany,HR,Croatia,62
2019,DE,Germany,HU,Hungary,122
2019,DE,Germany,IE,Ireland,105
2019,DE,Germany,IT,Italy,141
2019,DE,Germany,NL,Netherlands,100
2019,DE,Germany,NO,Norway,132
2019,DE,Germany,PL,Poland,101
2019,DE,Germany,PT,Portugal,104
2019,DE,Germany,RO,Romania,125
2019,DE,Germany,SE,Sweden,71
2019,DE,Germany,TR,Turkey,112
2019,DE,Germany,UK,United Kingdom,185
2019,DK,Denmark,AT,Austria,169
2019,DK,Denmark,CH,Switzerland,221
2019,DK,Denmark,CZ,Czechia,180
2019,DK,Denmark,DE,Germany,196
2019,DK,Denmark,DK,Denmark,96
2019,DK,Denmark,EL,Greece,123
2019,DK,Denmark,ES,Spain,189
2019,DK,Denmark,FR,France,185
2019,DK,Denmark,HR,Croatia,131
2019,DK,Denmark,HU,Hungary,194
2019,DK,Denmark,IT,Italy,218
2019,DK,Denmark,NL,Netherlands,184
2019,DK,Denmark,NO,Norway,210
2019,DK,Denmark,PL,Poland,95
2019,DK,Denmark,PT,Portugal,73
2019,DK,Denmark,SE,Sweden,140
2019,DK,Denmark,TR,Turkey,98
2019,DK,Denmark,UK,United Kingdom,214
2019,EE,Estonia,BG,Bulgaria,154
2019,EE,Estonia,DE,Germany,191
2019,EE,Estonia,EE,Estonia,62
2019,EE,Estonia,EL,Greece,126
2019,EE,Estonia,ES,Spain,134
2019,EE,Estonia,FI,Finland,99
2019,EE,Estonia,FR,France,120
2019,EE,Estonia,IT,Italy,159
2019,EE,Estonia,LT,Lithuania,183
2019,EE,Estonia,LV,Latvia,168
2019,EE,Estonia,NL,Netherlands,241
2019,EE,Estonia,NO,Norway,107
2019,EE,Estonia,PL,Poland,161
2019,EE,Estonia,SE,Sweden,125
2019,EE,Estonia,TR,Turkey,159
2019,EE,Estonia,UK,United Kingdom,186
2019,EL,Greece,AT,Austria,97
2019,EL,Greece,BG,Bulgaria,74
2019,EL,Greece,CY,Cyprus,40
2019,EL,Greece,DE,Germany,52
2019,EL,Greece,EL,Greece,45
2019,EL,Greece,ES,Spain,107
2019,EL,Greece,FR,France,180
2019,EL,Greece,HU,Hungary,112
2019,EL,Greece,IT,Italy,127
2019,EL,Greece,NL,Netherlands,83
2019,EL,Greece,PL,Poland,90
2019,EL,Greece,RO,Romania,39
2019,EL,Greece,SE,Sweden,42
2019,EL,Greece,TR,Turkey,93
2019,EL,Greece,UK,United Kingdom,64
2019,ES,Spain,AT,Austria,146
2019,ES,Spain,BE,Belgium,176
2019,ES,Spain,BG,Bulgaria,81
2019,ES,Spain,CH,Switzerland,141
2019,ES,Spain,CZ,Czechia,179
2019,ES,Spain,DE,Germany,176
2019,ES,Spain,DK,Denmark,150
2019,ES,Spain,EL,Greece,138
2019,ES,Spain,ES,Spain,55
2019,ES,Spain,FI,Finland,111
2019,ES,Spain,FR,France,123
2019,ES,Spain,HR,Croatia,140
2019,ES,Spain,HU,Hungary,190
2019,ES,Spain,IE,Ireland,142
2019,ES,Spain,IS,Iceland,148
2019,ES,Spain,IT,Italy,161
2019,ES,Spain,MT,Malta,148
2019,ES,Spain,NL,Netherlands,169
2019,ES,Spain,NO,Norway,188
2019,ES,Spain,PL,Poland,114
2019,ES,Spain,PT,Portugal,112
2019,ES,Spain,RO,Romania,60
2019,ES,Spain,SE,Sweden,110
2019,ES,Spain,TR,Turkey,198
2019,ES,Spain,UK,United Kingdom,139
2019,FI,Finland,AT,Austria,177
2019,FI,Finland,CZ,Czechia,149
2019,FI,Finland,DE,Germany,216
2019,FI,Finland,DK,Denmark,161
2019,FI,Finland,EE,Estonia,117
2019,FI,Finland,EL,Greece,133
2019,FI,Finland,ES,Spain,114
2019,FI,Finland,FI,Finland,70
2019,FI,Finland,FR,France,190
2019,FI,Finland,HR,Croatia,136
2019,FI,Finland,HU,Hungary,124
2019,FI,Finland,IT,Italy,137
2019,FI,Finland,LV,Latvia,98
2019,FI,Finland,NL,Netherlands,171
2019,FI,Finland,NO,Norway,118
2019,FI,Finland,PL,Poland,118
2019,FI,Finland,PT,Portugal,92
2019,FI,Finland,SE,Sweden,126
2019,FI,Finland,TR,Turkey,86
2019,FI,Finland,UK,United Kingdom,150
2019,FR,France,AT,Austria,159
2019,FR,France,BE,Belgium,101
2019,FR,France,BG,Bulgaria,103
2019,FR,France,CH,Switzerland,115
2019,FR,France,CY,Cyprus,168
2019,FR,France,CZ,Czechia,179
2019,FR,France,DE,Germany,158
2019,FR,France,DK,Denmark,112
2019,FR,France,EL,Greece,134
2019,FR,France,ES,Spain,124
2019,FR,France,FI,Finland,167
2019,FR,France,FR,France,68
2019,FR,France,HR,Croatia,117
2019,FR,France,HU,Hungary,93
2019,FR,France,IE,Ireland,157
2019,FR,France,IT,Italy,149
2019,FR,France,LU,Luxembourg,125
2019,FR,France,MT,Malta,153
2019,FR,France,NL,Netherlands,143
2019,FR,France,NO,Norway,239
2019,FR,France,PL,Poland,96
2019,FR,France,PT,Portugal,118
2019,FR,France,RO,Romania,138
2019,FR,France,SE,Sweden,71
2019,FR,France,TR,Turkey,123
2019,FR,France,UK,United Kingdom,172
2019,HR,Croatia,AT,Austria,97
2019,HR,Croatia,CH,Switzerland,62
2019,HR,Croatia,CZ,Czechia,147
2019,HR,Croatia,DE,Germany,81
2019,HR,Croatia,ES,Spain,139
2019,HR,Croatia,FR,France,148
2019,HR,Croatia,HR,Croatia,44
2019,HR,Croatia,HU,Hungary,92
2019,HR,Croatia,IT,Italy,141
2019,HR,Croatia,NL,Netherlands,107
2019,HR,Croatia,SI,Slovenia,89
2019,HR,Croatia,TR,Turkey,102
2019,HR,Croatia,UK,United Kingdom,131
2019,HU,Hungary,AT,Austria,47
2019,HU,Hungary,BE,Belgium,87
2019,HU,Hungary,BG,Bulgaria,44
2019,HU,Hungary,CH,Switzerland,80
2019,HU,Hungary,CY,Cyprus,49
2019,HU,Hungary,CZ,Czechia,86
2019,HU,Hungary,DE,Germany,78
2019,HU,Hungary,DK,Denmark,52
2019,HU,Hungary,EL,Greece,93
2019,HU,Hungary,ES,Spain,78
2019,HU,Hungary,FI,Finland,55
2019,HU,Hungary,FR,France,87
2019,HU,Hungary,HR,Croatia,52
2019,HU,Hungary,HU,Hungary,28
2019,HU,Hungary,IE,Ireland,41
2019,HU,Hungary,IT,Italy,70
2019,HU,Hungary,LT,Lithuania,68
2019,HU,Hungary,LV,Latvia,61
2019,HU,Hungary,MT,Malta,66
2019,HU,Hungary,NL,Netherlands,68
2019,HU,Hungary,NO,Norway,55
2019,HU,Hungary,PL,Poland,70
2019,HU,Hungary,PT,Portugal,54
2019,HU,Hungary,RO,Romania,26
2019,HU,Hungary,SE,Sweden,36
2019,HU,Hungary,SI,Slovenia,69
2019,HU,Hungary,SK,Slovakia,37
2019,HU,Hungary,TR,Turkey,81
2019,HU,Hungary,UK,United Kingdom,77
2019,IE,Ireland,AT,Austria,190
2019,IE,Ireland,BE,Belgium,179
2019,IE,Ireland,BG,Bulgaria,102
2019,IE,Ireland,CH,Switzerland,199
2019,IE,Ireland,CY,Cyprus,154
2019,IE,Ireland,CZ,Czechia,117
2019,IE,Ireland,DE,Germany,171
2019,IE,Ireland,DK,Denmark,90
2019,IE,Ireland,EL,Greece,100
2019,IE,Ireland,ES,Spain,144
2019,IE,Ireland,FR,France,161
2019,IE,Ireland,HR,Croatia,138
2019,IE,Ireland,HU,Hungary,118
2019,IE,Ireland,IE,Ireland,78
2019,IE,Ireland,IS,Iceland,166
2019,IE,Ireland,IT,Italy,168
2019,IE,Ireland,MT,Malta,77
2019,IE,Ireland,NL,Netherlands,138
2019,IE,Ireland,PL,Poland,131
2019,IE,Ireland,PT,Portugal,155
2019,IE,Ireland,TR,Turkey,145
2019,IE,Ireland,UK,United Kingdom,130
2019,IT,Italy,AT,Austria,164
2019,IT,Italy,CH,Switzerland,87
2019,IT,Italy,CZ,Czechia,118
2019,IT,Italy,DE,Germany,97
2019,IT,Italy,EL,Greece,101
2019,IT,Italy,ES,Spain,114
2019,IT,Italy,FR,France,113
2019,IT,Italy,HR,Croatia,63
2019,IT,Italy,IT,Italy,75
2019,IT,Italy,NL,Netherlands,125
2019,IT,Italy,RO,Romania,41
2019,IT,Italy,UK,United Kingdom,125
2019,LT,Lithuania,AT,Austria,128
2019,LT,Lithuania,BE,Belgium,102
2019,LT,Lithuania,BG,Bulgaria,73
2019,LT,Lithuania,CH,Switzerland,116
2019,LT,Lithuania,CY,Cyprus,48
2019,LT,Lithuania,CZ,Czechia,86
2019,LT,Lithuania,DE,Germany,83
2019,LT,Lithuania,DK,Denmark,94
2019,LT,Lithuania,EE,Estonia,79
2019,LT,Lithuania,EL,Greece,99
2019,LT,Lithuania,ES,Spain,88
2019,LT,Lithuania,FI,Finland,64
2019,LT,Lithuania,FR,France,90
2019,LT,Lithuania,HR,Croatia,87
2019,LT,Lithuania,IE,Ireland,58
2019,LT,Lithuania,IS,Iceland,72
2019,LT,Lithuania,IT,Italy,91
2019,LT,Lithuania,LT,Lithuania,27
2019,LT,Lithuania,LV,Latvia,51
2019,LT,Lithuania,NL,Netherlands,61
2019,LT,Lithuania,NO,Norway,73
2019,LT,Lithuania,PL,Poland,84
2019,LT,Lithuania,PT,Portugal,65
2019,LT,Lithuania,SE,Sweden,100
2019,LT,Lithuania,SK,Slovakia,83
2019,LT,Lithuania,TR,Turkey,124
2019,LT,Lithuania,UK,United Kingdom,52
2019,LU,Luxembourg,AT,Austria,224
2019,LU,Luxembourg,BE,Belgium,132
2019,LU,Luxembourg,BG,Bulgaria,94
2019,LU,Luxembourg,CH,Switzerland,216
2019,LU,Luxembourg,CZ,Czechia,104
2019,LU,Luxembourg,DE,Germany,173
2019,LU,Luxembourg,DK,Denmark,162
2019,LU,Luxembourg,EL,Greece,140
2019,LU,Luxembourg,ES,Spain,195
2019,LU,Luxembourg,FR,France,153
2019,LU,Luxembourg,HR,Croatia,145
2019,LU,Luxembourg,HU,Hungary,85
2019,LU,Luxembourg,IE,Ireland,127
2019,LU,Luxembourg,IT,Italy,176
2019,LU,Luxembourg,LU,Luxembourg,101
2019,LU,Luxembourg,MT,Malta,163
2019,LU,Luxembourg,NL,Netherlands,156
2019,LU,Luxembourg,PL,Poland,92
2019,LU,Luxembourg,PT,Portugal,137
2019,LU,Luxembourg,RO,Romania,87
2019,LU,Luxembourg,SE,Sweden,141
2019,LU,Luxembourg,TR,Turkey,126
2019,LU,Luxembourg,UK,United Kingdom,209
2019,LV,Latvia,DE,Germany,63
2019,LV,Latvia,EE,Estonia,86
2019,LV,Latvia,EL,Greece,96
2019,LV,Latvia,ES,Spain,70
2019,LV,Latvia,FI,Finland,141
2019,LV,Latvia,LT,Lithuania,81
2019,LV,Latvia,LV,Latvia,23
2019,LV,Latvia,PL,Poland,89
2019,LV,Latvia,SE,Sweden,99
2019,LV,Latvia,TR,Turkey,69
2019,LV,Latvia,UK,United Kingdom,52
2019,MK,North Macedonia,BG,Bulgaria,43
2019,MK,North Macedonia,CH,Switzerland,26
2019,MK,North Macedonia,DE,Germany,23
2019,MK,North Macedonia,EL,Greece,47
2019,MK,North Macedonia,HR,Croatia,35
2019,MK,North Macedonia,IT,Italy,24
2019,MK,North Macedonia,SI,Slovenia,37
2019,MK,North Macedonia,TR,Turkey,65
2019,MT,Malta,AT,Austria,172
2019,MT,Malta,BE,Belgium,187
2019,MT,Malta,CY,Cyprus,139
2019,MT,Malta,DE,Germany,174
2019,MT,Malta,EL,Greece,150
2019,MT,Malta,ES,Spain,183
2019,MT,Malta,FR,France,156
2019,MT,Malta,HU,Hungary,134
2019,MT,Malta,IE,Ireland,121
2019,MT,Malta,IT,Italy,177
2019,MT,Malta,MT,Malta,62
2019,MT,Malta,NL,Netherlands,136
2019,MT,Malta,PL,Poland,137
2019,MT,Malta,PT,Portugal,131
2019,MT,Malta,SI,Slovenia,144
2019,MT,Malta,SK,Slovakia,126
2019,MT,Malta,UK,United Kingdom,180
2019,NL,Netherlands,AT,Austria,136
2019,NL,Netherlands,BE,Belgium,87
2019,NL,Netherlands,BG,Bulgaria,55
2019,NL,Netherlands,CH,Switzerland,88
2019,NL,Netherlands,CY,Cyprus,116
2019,NL,Netherlands,CZ,Czechia,107
2019,NL,Netherlands,DE,Germany,96
2019,NL,Netherlands,DK,Denmark,114
2019,NL,Netherlands,EL,Greece,97
2019,NL,Netherlands,ES,Spain,117
2019,NL,Netherlands,FI,Finland,202
2019,NL,Netherlands,FR,France,96
2019,NL,Netherlands,HR,Croatia,69
2019,NL,Netherlands,HU,Hungary,54
2019,NL,Netherlands,IE,Ireland,109
2019,NL,Netherlands,IS,Iceland,230
2019,NL,Netherlands,IT,Italy,128
2019,NL,Netherlands,LU,Luxembourg,73
2019,NL,Netherlands,NL,Netherlands,43
2019,NL,Netherlands,NO,Norway,115
2019,NL,Netherlands,PL,Poland,111
2019,NL,Netherlands,PT,Portugal,109
2019,NL,Netherlands,RO,Romania,80
2019,NL,Netherlands,SE,Sweden,118
2019,NL,Netherlands,SI,Slovenia,48
2019,NL,Netherlands,TR,Turkey,79
2019,NL,Netherlands,UK,United Kingdom,156
2019,PL,Poland,AT,Austria,97
2019,PL,Poland,BE,Belgium,92
2019,PL,Poland,BG,Bulgaria,71
2019,PL,Poland,CH,Switzerland,128
2019,PL,Poland,CY,Cyprus,88
2019,PL,Poland,CZ,Czechia,142
2019,PL,Poland,DE,Germany,62
2019,PL,Poland,DK,Denmark,96
2019,PL,Poland,EE,Estonia,52
2019,PL,Poland,EL,Greece,115
2019,PL,Poland,ES,Spain,110
2019,PL,Poland,FI,Finland,61
2019,PL,Poland,FR,France,102
2019,PL,Poland,HR,Croatia,110
2019,PL,Poland,HU,Hungary,78
2019,PL,Poland,IE,Ireland,34
2019,PL,Poland,IS,Iceland,59
2019,PL,Poland,IT,Italy,89
2019,PL,Poland,LT,Lithuania,77
2019,PL,Poland,LV,Latvia,121
2019,PL,Poland,MT,Malta,93
2019,PL,Poland,NL,Netherlands,85
2019,PL,Poland,NO,Norway,89
2019,PL,Poland,PL,Poland,33
2019,PL,Poland,PT,Portugal,101
2019,PL,Poland,RO,Romania,77
2019,PL,Poland,SE,Sweden,69
2019,PL,Poland,SI,Slovenia,98
2019,PL,Poland,SK,Slovakia,61
2019,PL,Poland,TR,Turkey,90
2019,PL,Poland,UK,United Kingdom,67
2019,PT,Portugal,AT,Austria,135
2019,PT,Portugal,BE,Belgium,118
2019,PT,Portugal,CH,Switzerland,65
2019,PT,Portugal,CZ,Czechia,128
2019,PT,Portugal,DE,Germany,116
2019,PT,Portugal,EL,Greece,120
2019,PT,Portugal,ES,Spain,87
2019,PT,Portugal,FR,France,84
2019,PT,Portugal,HR,Croatia,142
2019,PT,Portugal,IE,Ireland,96
2019,PT,Portugal,IT,Italy,115
2019,PT,Portugal,LU,Luxembourg,30
2019,PT,Portugal,NL,Netherlands,133
2019,PT,Portugal,PL,Poland,73
2019,PT,Portugal,PT,Portugal,40
2019,PT,Portugal,TR,Turkey,119
2019,PT,Portugal,UK,United Kingdom,105
2019,RO,Romania,AT,Austria,95
2019,RO,Romania,BG,Bulgaria,79
2019,RO,Romania,DE,Germany,41
2019,RO,Romania,EL,Greece,75
2019,RO,Romania,ES,Spain,71
2019,RO,Romania,FR,France,60
2019,RO,Romania,HU,Hungary,56
2019,RO,Romania,IT,Italy,69
2019,RO,Romania,RO,Romania,41
2019,RO,Romania,TR,Turkey,102
2019,RO,Romania,UK,United Kingdom,33
2019,SE,Sweden,AT,Austria,214
2019,SE,Sweden,BE,Belgium,284
2019,SE,Sweden,CH,Switzerland,283
2019,SE,Sweden,CY,Cyprus,161
2019,SE,Sweden,CZ,Czechia,256
2019,SE,Sweden,DE,Germany,219
2019,SE,Sweden,DK,Denmark,189
2019,SE,Sweden,EL,Greece,137
2019,SE,Sweden,ES,Spain,242
2019,SE,Sweden,FI,Finland,204
2019,SE,Sweden,FR,France,273
2019,SE,Sweden,HR,Croatia,167
2019,SE,Sweden,HU,Hungary,190
2019,SE,Sweden,IT,Italy,226
2019,SE,Sweden,NL,Netherlands,282
2019,SE,Sweden,NO,Norway,167
2019,SE,Sweden,PL,Poland,140
2019,SE,Sweden,PT,Portugal,174
2019,SE,Sweden,SE,Sweden,101
2019,SE,Sweden,TR,Turkey,161
2019,SE,Sweden,UK,United Kingdom,296
2019,SI,Slovenia,AT,Austria,91
2019,SI,Slovenia,CZ,Czechia,130
2019,SI,Slovenia,DE,Germany,124
2019,SI,Slovenia,EL,Greece,101
2019,SI,Slovenia,ES,Spain,77
2019,SI,Slovenia,FR,France,94
2019,SI,Slovenia,HR,Croatia,41
2019,SI,Slovenia,HU,Hungary,96
2019,SI,Slovenia,IT,Italy,92
2019,SI,Slovenia,SI,Slovenia,47
2019,SI,Slovenia,UK,United Kingdom,148
2019,SK,Slovakia,AT,Austria,85
2019,SK,Slovakia,BG,Bulgaria,76
2019,SK,Slovakia,CZ,Czechia,53
2019,SK,Slovakia,DE,Germany,63
2019,SK,Slovakia,EL,Greece,82
2019,SK,Slovakia,ES,Spain,94
2019,SK,Slovakia,HR,Croatia,67
2019,SK,Slovakia,HU,Hungary,79
2019,SK,Slovakia,IT,Italy,89
2019,SK,Slovakia,PL,Poland,68
2019,SK,Slovakia,SK,Slovakia,43
2019,SK,Slovakia,TR,Turkey,105
2019,SK,Slovakia,UK,United Kingdom,49
2020,AL,Albania,DE,Germany,28
2020,AL,Albania,EL,Greece,35
2020,AL,Albania,IT,Italy,20
2020,AL,Albania,TR,Turkey,34
2020,AT,Austria,AT,Austria,107
2020,AT,Austria,CH,Switzerland,153
2020,AT,Austria,CZ,Czechia,113
2020,AT,Austria,DE,Germany,149
2020,AT,Austria,EL,Greece,123
2020,AT,Austria,ES,Spain,139
2020,AT,Austria,FR,France,128
2020,AT,Austria,HR,Croatia,105
2020,AT,Austria,HU,Hungary,96
2020,AT,Austria,IT,Italy,156
2020,AT,Austria,NL,Netherlands,90
2020,AT,Austria,PL,Poland,85
2020,AT,Austria,SI,Slovenia,120
2020,AT,Austria,SK,Slovakia,71
2020,AT,Austria,TR,Turkey,107
2020,AT,Austria,UK,United Kingdom,251
2020,BE,Belgium,AT,Austria,133
2020,BE,Belgium,BE,Belgium,53
2020,BE,Belgium,CH,Switzerland,62
2020,BE,Belgium,DE,Germany,88
2020,BE,Belgium,EL,Greece,56
2020,BE,Belgium,ES,Spain,81
2020,BE,Belgium,FR,France,75
2020,BE,Belgium,IT,Italy,88
2020,BE,Belgium,LU,Luxembourg,117
2020,BE,Belgium,NL,Netherlands,71
2020,BE,Belgium,PL,Poland,23
2020,BE,Belgium,PT,Portugal,58
2020,BE,Belgium,RO,Romania,27
2020,BE,Belgium,SE,Sweden,74
2020,BE,Belgium,TR,Turkey,34
2020,BE,Belgium,UK,United Kingdom,114
2020,BG,Bulgaria,BG,Bulgaria,45
2020,BG,Bulgaria,EL,Greece,91
2020,BG,Bulgaria,TR,Turkey,107
2020,CH,Switzerland,AT,Austria,183
2020,CH,Switzerland,CH,Switzerland,102
2020,CH,Switzerland,DE,Germany,85
2020,CH,Switzerland,EL,Greece,143
2020,CH,Switzerland,ES,Spain,85
2020,CH,Switzerland,FR,France,100
2020,CH,Switzerland,IT,Italy,120
2020,CY,Cyprus,CY,Cyprus,53
2020,CY,Cyprus,EL,Greece,119
2020,CY,Cyprus,UK,United Kingdom,68
2020,CZ,Czechia,AT,Austria,83
2020,CZ,Czechia,CZ,Czechia,20
2020,CZ,Czechia,DE,Germany,99
2020,CZ,Czechia,HR,Croatia,50
2020,CZ,Czechia,IT,Italy,74
2020,CZ,Czechia,PL,Poland,54
2020,CZ,Czechia,SK,Slovakia,48
2020,DE,Germany,AT,Austria,106
2020,DE,Germany,BE,Belgium,53
2020,DE,Germany,CH,Switzerland,110
2020,DE,Germany,CZ,Czechia,49
2020,DE,Germany,DE,Germany,74
2020,DE,Germany,DK,Denmark,50
2020,DE,Germany,EL,Greece,82
2020,DE,Germany,ES,Spain,78
2020,DE,Germany,FR,France,85
2020,DE,Germany,HR,Croatia,77
2020,DE,Germany,IT,Italy,128
2020,DE,Germany,NL,Netherlands,108
2020,DE,Germany,PL,Poland,72
2020,DE,Germany,PT,Portugal,98
2020,DK,Denmark,AT,Austria,155
2020,DK,Denmark,DE,Germany,126
2020,DK,Denmark,DK,Denmark,67
2020,DK,Denmark,EL,Greece,135
2020,DK,Denmark,ES,Spain,141
2020,DK,Denmark,IT,Italy,86
2020,DK,Denmark,NO,Norway,118
2020,DK,Denmark,SE,Sweden,70
2020,DK,Denmark,UK,United Kingdom,241
2020,EE,Estonia,EE,Estonia,69
2020,EE,Estonia,ES,Spain,74
2020,EE,Estonia,FI,Finland,84
2020,EE,Estonia,LT,Lithuania,134
2020,EE,Estonia,LV,Latvia,125
2020,EE,Estonia,SE,Sweden,59
2020,EL,Greece,BG,Bulgaria,43
2020,EL,Greece,CY,Cyprus,48
2020,EL,Greece,DE,Germany,50
2020,EL,Greece,EL,Greece,40
2020,EL,Greece,IT,Italy,136
2020,EL,Greece,UK,United Kingdom,109
2020,ES,Spain,BE,Belgium,97
2020,ES,Spain,CH,Switzerland,88
2020,ES,Spain,DE,Germany,160
2020,ES,Spain,ES,Spain,45
2020,ES,Spain,FR,France,98
2020,ES,Spain,IT,Italy,128
2020,ES,Spain,NL,Netherlands,103
2020,ES,Spain,PT,Portugal,103
2020,ES,Spain,RO,Romania,42
2020,ES,Spain,UK,United Kingdom,111
2020,FI,Finland,DE,Germany,141
2020,FI,Finland,EE,Estonia,122
2020,FI,Finland,ES,Spain,46
2020,FI,Finland,FI,Finland,56
2020,FI,Finland,LV,Latvia,126
2020,FI,Finland,NO,Norway,105
2020,FI,Finland,SE,Sweden,120
2020,FR,France,AT,Austria,98
2020,FR,France,BE,Belgium,121
2020,FR,France,CH,Switzerland,113
2020,FR,France,DE,Germany,151
2020,FR,France,EL,Greece,158
2020,FR,France,ES,Spain,134
2020,FR,France,FR,France,66
2020,FR,France,IT,Italy,138
2020,FR,France,LU,Luxembourg,89
2020,FR,France,NL,Netherlands,77
2020,FR,France,PL,Poland,100
2020,FR,France,PT,Portugal,107
2020,FR,France,UK,United Kingdom,168
2020,HR,Croatia,AT,Austria,69
2020,HR,Croatia,DE,Germany,38
2020,HR,Croatia,HR,Croatia,37
2020,HR,Croatia,IT,Italy,89
2020,HR,Croatia,SI,Slovenia,78
2020,HU,Hungary,AT,Austria,45
2020,HU,Hungary,BE,Belgium,131
2020,HU,Hungary,BG,Bulgaria,129
2020,HU,Hungary,CH,Switzerland,59
2020,HU,Hungary,CY,Cyprus,61
2020,HU,Hungary,CZ,Czechia,82
2020,HU,Hungary,DE,Germany,90
2020,HU,Hungary,DK,Denmark,73
2020,HU,Hungary,EL,Greece,66
2020,HU,Hungary,ES,Spain,71
2020,HU,Hungary,FI,Finland,47
2020,HU,Hungary,FR,France,97
2020,HU,Hungary,HR,Croatia,53
2020,HU,Hungary,HU,Hungary,31
2020,HU,Hungary,IT,Italy,81
2020,HU,Hungary,MT,Malta,68
2020,HU,Hungary,NL,Netherlands,97
2020,HU,Hungary,PL,Poland,59
2020,HU,Hungary,PT,Portugal,76
2020,HU,Hungary,RO,Romania,25
2020,HU,Hungary,SE,Sweden,56
2020,HU,Hungary,SI,Slovenia,42
2020,HU,Hungary,SK,Slovakia,27
2020,HU,Hungary,TR,Turkey,69
2020,HU,Hungary,UK,United Kingdom,87
2020,IE,Ireland,AT,Austria,188
2020,IE,Ireland,BE,Belgium,168
2020,IE,Ireland,BG,Bulgaria,97
2020,IE,Ireland,CH,Switzerland,175
2020,IE,Ireland,CZ,Czechia,137
2020,IE,Ireland,DE,Germany,150
2020,IE,Ireland,EL,Greece,96
2020,IE,Ireland,ES,Spain,132
2020,IE,Ireland,FR,France,182
2020,IE,Ireland,HR,Croatia,111
2020,IE,Ireland,HU,Hungary,202
2020,IE,Ireland,IE,Ireland,71
2020,IE,Ireland,IT,Italy,170
2020,IE,Ireland,MT,Malta,72
2020,IE,Ireland,NL,Netherlands,175
2020,IE,Ireland,PL,Poland,90
2020,IE,Ireland,PT,Portugal,140
2020,IE,Ireland,UK,United Kingdom,126
2020,IT,Italy,AT,Austria,64
2020,IT,Italy,DE,Germany,100
2020,IT,Italy,ES,Spain,62
2020,IT,Italy,FR,France,102
2020,IT,Italy,HR,Croatia,84
2020,IT,Italy,IT,Italy,69
2020,LT,Lithuania,AT,Austria,118
2020,LT,Lithuania,BE,Belgium,112
2020,LT,Lithuania,BG,Bulgaria,76
2020,LT,Lithuania,CY,Cyprus,77
2020,LT,Lithuania,CZ,Czechia,112
2020,LT,Lithuania,DE,Germany,70
2020,LT,Lithuania,DK,Denmark,104
2020,LT,Lithuania,EE,Estonia,84
2020,LT,Lithuania,EL,Greece,76
2020,LT,Lithuania,ES,Spain,86
2020,LT,Lithuania,FI,Finland,50
2020,LT,Lithuania,FR,France,106
2020,LT,Lithuania,IE,Ireland,32
2020,LT,Lithuania,IT,Italy,114
2020,LT,Lithuania,LT,Lithuania,33
2020,LT,Lithuania,LV,Latvia,64
2020,LT,Lithuania,NL,Netherlands,53
2020,LT,Lithuania,NO,Norway,101
2020,LT,Lithuania,PL,Poland,90
2020,LT,Lithuania,SE,Sweden,129
2020,LT,Lithuania,TR,Turkey,132
2020,LT,Lithuania,UK,United Kingdom,54
2020,LU,Luxembourg,AT,Austria,223
2020,LU,Luxembourg,BE,Belgium,93
2020,LU,Luxembourg,CH,Switzerland,167
2020,LU,Luxembourg,DE,Germany,102
2020,LU,Luxembourg,DK,Denmark,90
2020,LU,Luxembourg,EL,Greece,99
2020,LU,Luxembourg,ES,Spain,162
2020,LU,Luxembourg,FR,France,127
2020,LU,Luxembourg,IT,Italy,154
2020,LU,Luxembourg,LU,Luxembourg,91
2020,LU,Luxembourg,NL,Netherlands,138
2020,LU,Luxembourg,PL,Poland,80
2020,LU,Luxembourg,PT,Portugal,119
2020,LU,Luxembourg,SE,Sweden,153
2020,LU,Luxembourg,UK,United Kingdom,192
2020,LV,Latvia,DE,Germany,32
2020,LV,Latvia,EE,Estonia,72
2020,LV,Latvia,LT,Lithuania,70
2020,LV,Latvia,LV,Latvia,20
2020,MK,North Macedonia,BG,Bulgaria,44
2020,MK,North Macedonia,DE,Germany,44
2020,MT,Malta,BE,Belgium,226
2020,MT,Malta,DE,Germany,178
2020,MT,Malta,FR,France,97
2020,MT,Malta,IT,Italy,138
2020,MT,Malta,MT,Malta,53
2020,MT,Malta,UK,United Kingdom,169
2020,NL,Netherlands,AT,Austria,112
2020,NL,Netherlands,BE,Belgium,70
2020,NL,Netherlands,CH,Switzerland,56
2020,NL,Netherlands,CZ,Czechia,38
2020,NL,Netherlands,DE,Germany,72
2020,NL,Netherlands,DK,Denmark,65
2020,NL,Netherlands,EL,Greece,123
2020,NL,Netherlands,ES,Spain,91
2020,NL,Netherlands,FI,Finland,205
2020,NL,Netherlands,FR,France,96
2020,NL,Netherlands,IT,Italy,60
2020,NL,Netherlands,LU,Luxembourg,71
2020,NL,Netherlands,NL,Netherlands,34
2020,NL,Netherlands,NO,Norway,79
2020,NL,Netherlands,PL,Poland,38
2020,NL,Netherlands,PT,Portugal,59
2020,NL,Netherlands,SE,Sweden,83
2020,NL,Netherlands,UK,United Kingdom,129
2020,PL,Poland,AT,Austria,93
2020,PL,Poland,BE,Belgium,95
2020,PL,Poland,BG,Bulgaria,65
2020,PL,Poland,CH,Switzerland,60
2020,PL,Poland,CY,Cyprus,78
2020,PL,Poland,CZ,Czechia,91
2020,PL,Poland,DE,Germany,76
2020,PL,Poland,DK,Denmark,108
2020,PL,Poland,EL,Greece,82
2020,PL,Poland,ES,Spain,137
2020,PL,Poland,FI,Finland,51
2020,PL,Poland,FR,France,100
2020,PL,Poland,HR,Croatia,58
2020,PL,Poland,HU,Hungary,94
2020,PL,Poland,IE,Ireland,30
2020,PL,Poland,IS,Iceland,68
2020,PL,Poland,IT,Italy,93
2020,PL,Poland,LT,Lithuania,93
2020,PL,Poland,MT,Malta,80
2020,PL,Poland,NL,Netherlands,92
2020,PL,Poland,NO,Norway,32
2020,PL,Poland,PL,Poland,33
2020,PL,Poland,PT,Portugal,86
2020,PL,Poland,RO,Romania,104
2020,PL,Poland,SE,Sweden,75
2020,PL,Poland,SK,Slovakia,58
2020,PL,Poland,TR,Turkey,81
2020,PL,Poland,UK,United Kingdom,70
2020,PT,Portugal,CH,Switzerland,36
2020,PT,Portugal,DE,Germany,51
2020,PT,Portugal,ES,Spain,83
2020,PT,Portugal,FR,France,89
2020,PT,Portugal,IT,Italy,100
2020,PT,Portugal,NL,Netherlands,76
2020,PT,Portugal,PT,Portugal,37
2020,PT,Portugal,UK,United Kingdom,111
2020,RO,Romania,AT,Austria,75
2020,RO,Romania,BG,Bulgaria,93
2020,RO,Romania,DE,Germany,25
2020,RO,Romania,EL,Greece,65
2020,RO,Romania,HU,Hungary,35
2020,RO,Romania,IT,Italy,55
2020,RO,Romania,RO,Romania,40
2020,SE,Sweden,AT,Austria,169
2020,SE,Sweden,DE,Germany,69
2020,SE,Sweden,DK,Denmark,183
2020,SE,Sweden,ES,Spain,144
2020,SE,Sweden,FI,Finland,162
2020,SE,Sweden,FR,France,126
2020,SE,Sweden,IT,Italy,187
2020,SE,Sweden,NO,Norway,153
2020,SE,Sweden,SE,Sweden,63
2020,SE,Sweden,UK,United Kingdom,165
2020,SI,Slovenia,AT,Austria,74
2020,SI,Slovenia,HR,Croatia,25
2020,SI,Slovenia,IT,Italy,47
2020,SI,Slovenia,SI,Slovenia,44
2020,SK,Slovakia,AT,Austria,92
2020,SK,Slovakia,CZ,Czechia,57
2020,SK,Slovakia,HR,Croatia,59
2020,SK,Slovakia,HU,Hungary,95
2020,SK,Slovakia,SK,Slovakia,41
2021,AT,Austria,AT,Austria,112
2021,AT,Austria,CH,Switzerland,193
2021,AT,Austria,CZ,Czechia,125
2021,AT,Austria,DE,Germany,149
2021,AT,Austria,EL,Greece,146
2021,AT,Austria,ES,Spain,140
2021,AT,Austria,FR,France,151
2021,AT,Austria,HR,Croatia,151
2021,AT,Austria,HU,Hungary,103
2021,AT,Austria,IT,Italy,170
2021,AT,Austria,NL,Netherlands,83
2021,AT,Austria,PL,Poland,120
2021,AT,Austria,PT,Portugal,152
2021,AT,Austria,RO,Romania,88
2021,AT,Austria,SI,Slovenia,136
2021,AT,Austria,SK,Slovakia,61
2021,AT,Austria,TR,Turkey,104
2021,AT,Austria,UK,United Kingdom,190
2021,BE,Belgium,AT,Austria,105
2021,BE,Belgium,BE,Belgium,62
2021,BE,Belgium,CH,Switzerland,66
2021,BE,Belgium,DE,Germany,90
2021,BE,Belgium,EL,Greece,103
2021,BE,Belgium,ES,Spain,115
2021,BE,Belgium,FR,France,75
2021,BE,Belgium,HR,Croatia,81
2021,BE,Belgium,HU,Hungary,52
2021,BE,Belgium,IT,Italy,124
2021,BE,Belgium,LU,Luxembourg,102
2021,BE,Belgium,NL,Netherlands,89
2021,BE,Belgium,PL,Poland,41
2021,BE,Belgium,PT,Portugal,98
2021,BE,Belgium,RO,Romania,24
2021,BE,Belgium,SE,Sweden,64
2021,BE,Belgium,TR,Turkey,48
2021,BE,Belgium,UK,United Kingdom,89
2021,BG,Bulgaria,BG,Bulgaria,49
2021,BG,Bulgaria,EL,Greece,47
2021,BG,Bulgaria,TR,Turkey,76
2021,CH,Switzerland,AT,Austria,128
2021,CH,Switzerland,CH,Switzerland,117
2021,CH,Switzerland,DE,Germany,300
2021,CH,Switzerland,EL,Greece,66
2021,CH,Switzerland,ES,Spain,156
2021,CH,Switzerland,FR,France,146
2021,CH,Switzerland,IT,Italy,138
2021,CH,Switzerland,PT,Portugal,61
2021,CY,Cyprus,CY,Cyprus,52
2021,CY,Cyprus,EL,Greece,125
2021,CY,Cyprus,UK,United Kingdom,79
2021,CZ,Czechia,AT,Austria,84
2021,CZ,Czechia,BG,Bulgaria,84
2021,CZ,Czechia,CZ,Czechia,22
2021,CZ,Czechia,DE,Germany,108
2021,CZ,Czechia,EL,Greece,96
2021,CZ,Czechia,ES,Spain,111
2021,CZ,Czechia,HR,Croatia,56
2021,CZ,Czechia,HU,Hungary,71
2021,CZ,Czechia,IT,Italy,71
2021,CZ,Czechia,PL,Poland,48
2021,CZ,Czechia,SK,Slovakia,50
2021,CZ,Czechia,TR,Turkey,65
2021,DE,Germany,AT,Austria,124
2021,DE,Germany,BE,Belgium,102
2021,DE,Germany,CH,Switzerland,108
2021,DE,Germany,CZ,Czechia,76
2021,DE,Germany,DE,Germany,80
2021,DE,Germany,DK,Denmark,77
2021,DE,Germany,EL,Greece,162
2021,DE,Germany,ES,Spain,97
2021,DE,Germany,FR,France,142
2021,DE,Germany,HR,Croatia,87
2021,DE,Germany,IT,Italy,121
2021,DE,Germany,NL,Netherlands,90
2021,DE,Germany,PL,Poland,71
2021,DE,Germany,PT,Portugal,115
2021,DE,Germany,SE,Sweden,108
2021,DE,Germany,TR,Turkey,97
2021,DK,Denmark,DE,Germany,146
2021,DK,Denmark,DK,Denmark,65
2021,DK,Denmark,EL,Greece,147
2021,DK,Denmark,ES,Spain,111
2021,DK,Denmark,FR,France,84
2021,DK,Denmark,IT,Italy,133
2021,DK,Denmark,NO,Norway,115
2021,DK,Denmark,PL,Poland,89
2021,DK,Denmark,SE,Sweden,79
2021,EE,Estonia,EE,Estonia,73
2021,EE,Estonia,EL,Greece,153
2021,EE,Estonia,ES,Spain,98
2021,EE,Estonia,FI,Finland,89
2021,EE,Estonia,IT,Italy,147
2021,EE,Estonia,LV,Latvia,205
2021,EE,Estonia,SE,Sweden,142
2021,EE,Estonia,TR,Turkey,105
2021,EL,Greece,BG,Bulgaria,37
2021,EL,Greece,CH,Switzerland,65
2021,EL,Greece,CY,Cyprus,57
2021,EL,Greece,DE,Germany,56
2021,EL,Greece,EL,Greece,48
2021,EL,Greece,ES,Spain,79
2021,EL,Greece,IT,Italy,95
2021,EL,Greece,TR,Turkey,129
2021,EL,Greece,UK,United Kingdom,57
2021,ES,Spain,BE,Belgium,94
2021,ES,Spain,CH,Switzerland,74
2021,ES,Spain,DE,Germany,102
2021,ES,Spain,EL,Greece,125
2021,ES,Spain,ES,Spain,55
2021,ES,Spain,FR,France,106
2021,ES,Spain,IE,Ireland,71
2021,ES,Spain,IT,Italy,140
2021,ES,Spain,NL,Netherlands,105
2021,ES,Spain,PL,Poland,141
2021,ES,Spain,PT,Portugal,106
2021,ES,Spain,RO,Romania,43
2021,ES,Spain,UK,United Kingdom,109
2021,FI,Finland,EE,Estonia,127
2021,FI,Finland,ES,Spain,75
2021,FI,Finland,FI,Finland,55
2021,FI,Finland,SE,Sweden,189
2021,FR,France,AT,Austria,105
2021,FR,France,BE,Belgium,106
2021,FR,France,CH,Switzerland,109
2021,FR,France,DE,Germany,163
2021,FR,France,EL,Greece,132
2021,FR,France,ES,Spain,128
2021,FR,France,FR,France,68
2021,FR,France,HR,Croatia,110
2021,FR,France,IT,Italy,165
2021,FR,France,NL,Netherlands,140
2021,FR,France,PL,Poland,123
2021,FR,France,PT,Portugal,186
2021,FR,France,UK,United Kingdom,134
2021,HR,Croatia,AT,Austria,96
2021,HR,Croatia,DE,Germany,32
2021,HR,Croatia,HR,Croatia,49
2021,HR,Croatia,IT,Italy,105
2021,HR,Croatia,SI,Slovenia,96
2021,HU,Hungary,AT,Austria,39
2021,HU,Hungary,BE,Belgium,113
2021,HU,Hungary,BG,Bulgaria,58
2021,HU,Hungary,CH,Switzerland,63
2021,HU,Hungary,CY,Cyprus,62
2021,HU,Hungary,CZ,Czechia,82
2021,HU,Hungary,DE,Germany,93
2021,HU,Hungary,DK,Denmark,37
2021,HU,Hungary,EL,Greece,63
2021,HU,Hungary,ES,Spain,60
2021,HU,Hungary,FR,France,101
2021,HU,Hungary,HR,Croatia,58
2021,HU,Hungary,HU,Hungary,32
2021,HU,Hungary,IT,Italy,78
2021,HU,Hungary,MT,Malta,67
2021,HU,Hungary,NL,Netherlands,51
2021,HU,Hungary,PL,Poland,57
2021,HU,Hungary,PT,Portugal,72
2021,HU,Hungary,RO,Romania,26
2021,HU,Hungary,SE,Sweden,40
2021,HU,Hungary,SI,Slovenia,55
2021,HU,Hungary,SK,Slovakia,28
2021,HU,Hungary,TR,Turkey,70
2021,HU,Hungary,UK,United Kingdom,45
2021,IE,Ireland,ES,Spain,134
2021,IE,Ireland,FR,France,95
2021,IE,Ireland,IE,Ireland,80
2021,IE,Ireland,IT,Italy,69
2021,IE,Ireland,PT,Portugal,121
2021,IE,Ireland,UK,United Kingdom,117
2021,IT,Italy,DE,Germany,65
2021,IT,Italy,EL,Greece,113
2021,IT,Italy,ES,Spain,109
2021,IT,Italy,FR,France,92
2021,IT,Italy,IT,Italy,72
2021,IT,Italy,RO,Romania,39
2021,LT,Lithuania,AT,Austria,112
2021,LT,Lithuania,BE,Belgium,117
2021,LT,Lithuania,BG,Bulgaria,79
2021,LT,Lithuania,CY,Cyprus,52
2021,LT,Lithuania,CZ,Czechia,87
2021,LT,Lithuania,DE,Germany,78
2021,LT,Lithuania,DK,Denmark,100
2021,LT,Lithuania,EE,Estonia,82
2021,LT,Lithuania,EL,Greece,97
2021,LT,Lithuania,ES,Spain,91
2021,LT,Lithuania,FI,Finland,98
2021,LT,Lithuania,FR,France,77
2021,LT,Lithuania,IE,Ireland,43
2021,LT,Lithuania,IT,Italy,90
2021,LT,Lithuania,LT,Lithuania,34
2021,LT,Lithuania,LV,Latvia,70
2021,LT,Lithuania,NL,Netherlands,107
2021,LT,Lithuania,NO,Norway,94
2021,LT,Lithuania,PL,Poland,79
2021,LT,Lithuania,PT,Portugal,73
2021,LT,Lithuania,SE,Sweden,123
2021,LT,Lithuania,TR,Turkey,80
2021,LT,Lithuania,UK,United Kingdom,70
2021,LU,Luxembourg,AT,Austria,192
2021,LU,Luxembourg,BE,Belgium,80
2021,LU,Luxembourg,BG,Bulgaria,109
2021,LU,Luxembourg,CH,Switzerland,206
2021,LU,Luxembourg,DE,Germany,137
2021,LU,Luxembourg,DK,Denmark,86
2021,LU,Luxembourg,EL,Greece,203
2021,LU,Luxembourg,ES,Spain,177
2021,LU,Luxembourg,FR,France,128
2021,LU,Luxembourg,HR,Croatia,120
2021,LU,Luxembourg,HU,Hungary,58
2021,LU,Luxembourg,IE,Ireland,135
2021,LU,Luxembourg,IT,Italy,164
2021,LU,Luxembourg,LU,Luxembourg,80
2021,LU,Luxembourg,MT,Malta,153
2021,LU,Luxembourg,NL,Netherlands,150
2021,LU,Luxembourg,PL,Poland,70
2021,LU,Luxembourg,PT,Portugal,133
2021,LU,Luxembourg,RO,Romania,69
2021,LU,Luxembourg,SE,Sweden,129
2021,LU,Luxembourg,TR,Turkey,121
2021,LU,Luxembourg,UK,United Kingdom,182
2021,LV,Latvia,DE,Germany,126
2021,LV,Latvia,EE,Estonia,99
2021,LV,Latvia,IT,Italy,59
2021,LV,Latvia,LT,Lithuania,107
2021,LV,Latvia,LV,Latvia,25
2021,LV,Latvia,PL,Poland,86
2021,MK,North Macedonia,BG,Bulgaria,63
2021,MK,North Macedonia,CH,Switzerland,37
2021,MK,North Macedonia,DE,Germany,23
2021,MK,North Macedonia,EL,Greece,45
2021,MK,North Macedonia,TR,Turkey,58
2021,MT,Malta,DE,Germany,99
2021,MT,Malta,EL,Greece,198
2021,MT,Malta,ES,Spain,136
2021,MT,Malta,FR,France,145
2021,MT,Malta,IT,Italy,172
2021,MT,Malta,MT,Malta,62
2021,MT,Malta,NL,Netherlands,208
2021,MT,Malta,PL,Poland,112
2021,MT,Malta,UK,United Kingdom,150
2021,NL,Netherlands,AT,Austria,116
2021,NL,Netherlands,BE,Belgium,79
2021,NL,Netherlands,CH,Switzerland,99
2021,NL,Netherlands,CY,Cyprus,168
2021,NL,Netherlands,CZ,Czechia,63
2021,NL,Netherlands,DE,Germany,87
2021,NL,Netherlands,DK,Denmark,150
2021,NL,Netherlands,EL,Greece,112
2021,NL,Netherlands,ES,Spain,147
2021,NL,Netherlands,FR,France,94
2021,NL,Netherlands,HR,Croatia,65
2021,NL,Netherlands,HU,Hungary,52
2021,NL,Netherlands,IE,Ireland,97
2021,NL,Netherlands,IS,Iceland,181
2021,NL,Netherlands,IT,Italy,140
2021,NL,Netherlands,LU,Luxembourg,72
2021,NL,Netherlands,NL,Netherlands,57
2021,NL,Netherlands,NO,Norway,100
2021,NL,Netherlands,PL,Poland,63
2021,NL,Netherlands,PT,Portugal,99
2021,NL,Netherlands,RO,Romania,42
2021,NL,Netherlands,SE,Sweden,159
2021,NL,Netherlands,SI,Slovenia,76
2021,NL,Netherlands,TR,Turkey,77
2021,NL,Netherlands,UK,United Kingdom,140
2021,NO,Norway,DE,Germany,179
2021,NO,Norway,DK,Denmark,209
2021,NO,Norway,ES,Spain,104
2021,NO,Norway,NO,Norway,101
2021,NO,Norway,PL,Poland,80
2021,NO,Norway,SE,Sweden,259
2021,PL,Poland,AT,Austria,112
2021,PL,Poland,BE,Belgium,112
2021,PL,Poland,BG,Bulgaria,73
2021,PL,Poland,CH,Switzerland,85
2021,PL,Poland,CY,Cyprus,92
2021,PL,Poland,CZ,Czechia,107
2021,PL,Poland,DE,Germany,70
2021,PL,Poland,DK,Denmark,96
2021,PL,Poland,EE,Estonia,45
2021,PL,Poland,EL,Greece,84
2021,PL,Poland,ES,Spain,134
2021,PL,Poland,FI,Finland,43
2021,PL,Poland,FR,France,100
2021,PL,Poland,HR,Croatia,63
2021,PL,Poland,HU,Hungary,96
2021,PL,Poland,IE,Ireland,33
2021,PL,Poland,IS,Iceland,78
2021,PL,Poland,IT,Italy,98
2021,PL,Poland,LT,Lithuania,86
2021,PL,Poland,LU,Luxembourg,53
2021,PL,Poland,MT,Malta,85
2021,PL,Poland,NL,Netherlands,77
2021,PL,Poland,NO,Norway,61
2021,PL,Poland,PL,Poland,34
2021,PL,Poland,PT,Portugal,96
2021,PL,Poland,RO,Romania,54
2021,PL,Poland,SE,Sweden,101
2021,PL,Poland,SI,Slovenia,60
2021,PL,Poland,SK,Slovakia,88
2021,PL,Poland,TR,Turkey,89
2021,PL,Poland,UK,United Kingdom,51
2021,PT,Portugal,CH,Switzerland,37
2021,PT,Portugal,DE,Germany,61
2021,PT,Portugal,EL,Greece,116
2021,PT,Portugal,ES,Spain,91
2021,PT,Portugal,FR,France,91
2021,PT,Portugal,IT,Italy,107
2021,PT,Portugal,LU,Luxembourg,45
2021,PT,Portugal,NL,Netherlands,50
2021,PT,Portugal,PT,Portugal,41
2021,PT,Portugal,UK,United Kingdom,36
2021,RO,Romania,AT,Austria,47
2021,RO,Romania,BG,Bulgaria,78
2021,RO,Romania,DE,Germany,50
2021,RO,Romania,EL,Greece,91
2021,RO,Romania,ES,Spain,61
2021,RO,Romania,HU,Hungary,44
2021,RO,Romania,IT,Italy,57
2021,RO,Romania,RO,Romania,45
2021,RO,Romania,TR,Turkey,103
2021,SE,Sweden,DE,Germany,177
2021,SE,Sweden,DK,Denmark,200
2021,SE,Sweden,EL,Greece,156
2021,SE,Sweden,ES,Spain,127
2021,SE,Sweden,FI,Finland,86
2021,SE,Sweden,FR,France,182
2021,SE,Sweden,NO,Norway,122
2021,SE,Sweden,SE,Sweden,73
2021,SI,Slovenia,AT,Austria,104
2021,SI,Slovenia,BE,Belgium,129
2021,SI,Slovenia,DE,Germany,104
2021,SI,Slovenia,EL,Greece,127
2021,SI,Slovenia,ES,Spain,109
2021,SI,Slovenia,FR,France,76
2021,SI,Slovenia,HR,Croatia,61
2021,SI,Slovenia,HU,Hungary,72
2021,SI,Slovenia,IT,Italy,111
2021,SI,Slovenia,NL,Netherlands,84
2021,SI,Slovenia,SI,Slovenia,63
2021,SK,Slovakia,AT,Austria,41
2021,SK,Slovakia,CZ,Czechia,61
2021,SK,Slovakia,HR,Croatia,76
2021,SK,Slovakia,HU,Hungary,69
2021,SK,Slovakia,IT,Italy,77
2021,SK,Slovakia,SK,Slovakia,44
2022,AT,Austria,AT,Austria,130
2022,AT,Austria,BE,Belgium,210
2022,AT,Austria,CH,Switzerland,191
2022,AT,Austria,CY,Cyprus,188
2022,AT,Austria,CZ,Czechia,147
2022,AT,Austria,DE,Germany,155
2022,AT,Austria,EL,Greece,183
2022,AT,Austria,ES,Spain,203
2022,AT,Austria,FI,Finland,145
2022,AT,Austria,FR,France,224
2022,AT,Austria,HR,Croatia,147
2022,AT,Austria,HU,Hungary,122
2022,AT,Austria,IE,Ireland,144
2022,AT,Austria,IT,Italy,178
2022,AT,Austria,NL,Netherlands,181
2022,AT,Austria,NO,Norway,162
2022,AT,Austria,PL,Poland,104
2022,AT,Austria,PT,Portugal,214
2022,AT,Austria,RO,Romania,76
2022,AT,Austria,SE,Sweden,181
2022,AT,Austria,SI,Slovenia,165
2022,AT,Austria,SK,Slovakia,102
2022,AT,Austria,TR,Turkey,135
2022,AT,Austria,UK,United Kingdom,296
2022,BE,Belgium,AT,Austria,147
2022,BE,Belgium,BE,Belgium,75
2022,BE,Belgium,BG,Bulgaria,45
2022,BE,Belgium,CH,Switzerland,143
2022,BE,Belgium,CZ,Czechia,79
2022,BE,Belgium,DE,Germany,102
2022,BE,Belgium,DK,Denmark,143
2022,BE,Belgium,EL,Greece,124
2022,BE,Belgium,ES,Spain,122
2022,BE,Belgium,FR,France,105
2022,BE,Belgium,HR,Croatia,78
2022,BE,Belgium,HU,Hungary,69
2022,BE,Belgium,IE,Ireland,78
2022,BE,Belgium,IT,Italy,138
2022,BE,Belgium,LU,Luxembourg,106
2022,BE,Belgium,NL,Netherlands,95
2022,BE,Belgium,NO,Norway,147
2022,BE,Belgium,PL,Poland,44
2022,BE,Belgium,PT,Portugal,128
2022,BE,Belgium,RO,Romania,32
2022,BE,Belgium,SE,Sweden,71
2022,BE,Belgium,TR,Turkey,60
2022,BE,Belgium,UK,United Kingdom,120
2022,BG,Bulgaria,BG,Bulgaria,60
2022,BG,Bulgaria,DE,Germany,57
2022,BG,Bulgaria,EL,Greece,92
2022,BG,Bulgaria,ES,Spain,135
2022,BG,Bulgaria,IT,Italy,126
2022,BG,Bulgaria,RO,Romania,68
2022,BG,Bulgaria,TR,Turkey,92
2022,CY,Cyprus,CY,Cyprus,58
2022,CY,Cyprus,EL,Greece,164
2022,CY,Cyprus,FR,France,354
2022,CY,Cyprus,IT,Italy,198
2022,CY,Cyprus,UK,United Kingdom,102
2022,CZ,Czechia,AT,Austria,86
2022,CZ,Czechia,BG,Bulgaria,68
2022,CZ,Czechia,CZ,Czechia,30
2022,CZ,Czechia,DE,Germany,84
2022,CZ,Czechia,EL,Greece,97
2022,CZ,Czechia,ES,Spain,105
2022,CZ,Czechia,FR,France,101
2022,CZ,Czechia,HR,Croatia,69
2022,CZ,Czechia,HU,Hungary,89
2022,CZ,Czechia,IT,Italy,121
2022,CZ,Czechia,PL,Poland,61
2022,CZ,Czechia,PT,Portugal,87
2022,CZ,Czechia,SK,Slovakia,49
2022,CZ,Czechia,TR,Turkey,90
2022,CZ,Czechia,UK,United Kingdom,120
2022,DE,Germany,AT,Austria,149
2022,DE,Germany,BE,Belgium,130
2022,DE,Germany,CH,Switzerland,135
2022,DE,Germany,CZ,Czechia,134
2022,DE,Germany,DE,Germany,97
2022,DE,Germany,DK,Denmark,82
2022,DE,Germany,EL,Greece,111
2022,DE,Germany,ES,Spain,127
2022,DE,Germany,FR,France,141
2022,DE,Germany,HR,Croatia,86
2022,DE,Germany,HU,Hungary,101
2022,DE,Germany,IT,Italy,178
2022,DE,Germany,NL,Netherlands,111
2022,DE,Germany,NO,Norway,73
2022,DE,Germany,PL,Poland,98
2022,DE,Germany,PT,Portugal,139
2022,DE,Germany,SE,Sweden,81
2022,DE,Germany,TR,Turkey,105
2022,DE,Germany,UK,United Kingdom,235
2022,EE,Estonia,DE,Germany,252
2022,EE,Estonia,EE,Estonia,80
2022,EE,Estonia,EL,Greece,155
2022,EE,Estonia,ES,Spain,136
2022,EE,Estonia,FI,Finland,99
2022,EE,Estonia,FR,France,167
2022,EE,Estonia,IT,Italy,158
2022,EE,Estonia,LT,Lithuania,175
2022,EE,Estonia,LV,Latvia,170
2022,EE,Estonia,NO,Norway,96
2022,EE,Estonia,PL,Poland,143
2022,EE,Estonia,SE,Sweden,142
2022,EE,Estonia,TR,Turkey,166
2022,EE,Estonia,UK,United Kingdom,265
2022,EL,Greece,AT,Austria,189
2022,EL,Greece,BG,Bulgaria,87
2022,EL,Greece,CH,Switzerland,193
2022,EL,Greece,CY,Cyprus,41
2022,EL,Greece,DE,Germany,61
2022,EL,Greece,EL,Greece,56
2022,EL,Greece,ES,Spain,80
2022,EL,Greece,FR,France,145
2022,EL,Greece,HU,Hungary,125
2022,EL,Greece,IT,Italy,178
2022,EL,Greece,NL,Netherlands,182
2022,EL,Greece,RO,Romania,38
2022,EL,Greece,TR,Turkey,119
2022,EL,Greece,UK,United Kingdom,125
2022,ES,Spain,AT,Austria,143
2022,ES,Spain,BE,Belgium,152
2022,ES,Spain,CH,Switzerland,84
2022,ES,Spain,CZ,Czechia,159
2022,ES,Spain,DE,Germany,153
2022,ES,Spain,DK,Denmark,152
2022,ES,Spain,EL,Greece,162
2022,ES,Spain,ES,Spain,64
2022,ES,Spain,FR,France,132
2022,ES,Spain,HR,Croatia,140
2022,ES,Spain,HU,Hungary,126
2022,ES,Spain,IE,Ireland,105
2022,ES,Spain,IT,Italy,162
2022,ES,Spain,NL,Netherlands,155
2022,ES,Spain,NO,Norway,206
2022,ES,Spain,PL,Poland,96
2022,ES,Spain,PT,Portugal,120
2022,ES,Spain,RO,Romania,51
2022,ES,Spain,SE,Sweden,194
2022,ES,Spain,TR,Turkey,220
2022,ES,Spain,UK,United Kingdom,127
2022,FI,Finland,DE,Germany,116
2022,FI,Finland,DK,Denmark,171
2022,FI,Finland,EE,Estonia,130
2022,FI,Finland,EL,Greece,130
2022,FI,Finland,ES,Spain,113
2022,FI,Finland,FI,Finland,71
2022,FI,Finland,FR,France,163
2022,FI,Finland,IT,Italy,150
2022,FI,Finland,NL,Netherlands,153
2022,FI,Finland,NO,Norway,114
2022,FI,Finland,PL,Poland,136
2022,FI,Finland,PT,Portugal,111
2022,FI,Finland,SE,Sweden,147
2022,FI,Finland,TR,Turkey,130
2022,FI,Finland,UK,United Kingdom,174
2022,FR,France,AT,Austria,129
2022,FR,France,BE,Belgium,137
2022,FR,France,BG,Bulgaria,129
2022,FR,France,CH,Switzerland,130
2022,FR,France,CZ,Czechia,192
2022,FR,France,DE,Germany,178
2022,FR,France,DK,Denmark,178
2022,FR,France,EL,Greece,157
2022,FR,France,ES,Spain,138
2022,FR,France,FR,France,77
2022,FR,France,HR,Croatia,121
2022,FR,France,HU,Hungary,165
2022,FR,France,IE,Ireland,154
2022,FR,France,IT,Italy,180
2022,FR,France,LU,Luxembourg,106
2022,FR,France,MT,Malta,173
2022,FR,France,NL,Netherlands,151
2022,FR,France,NO,Norway,224
2022,FR,France,PL,Poland,132
2022,FR,France,PT,Portugal,160
2022,FR,France,SE,Sweden,148
2022,FR,France,TR,Turkey,144
2022,FR,France,UK,United Kingdom,194
2022,HR,Croatia,AT,Austria,91
2022,HR,Croatia,DE,Germany,100
2022,HR,Croatia,ES,Spain,137
2022,HR,Croatia,FR,France,130
2022,HR,Croatia,HR,Croatia,54
2022,HR,Croatia,HU,Hungary,120
2022,HR,Croatia,IT,Italy,130
2022,HR,Croatia,SI,Slovenia,102
2022,HR,Croatia,TR,Turkey,80
2022,HR,Croatia,UK,United Kingdom,159
2022,HU,Hungary,AT,Austria,57
2022,HU,Hungary,BE,Belgium,104
2022,HU,Hungary,BG,Bulgaria,57
2022,HU,Hungary,CH,Switzerland,85
2022,HU,Hungary,CY,Cyprus,81
2022,HU,Hungary,CZ,Czechia,70
2022,HU,Hungary,DE,Germany,84
2022,HU,Hungary,DK,Denmark,74
2022,HU,Hungary,EL,Greece,77
2022,HU,Hungary,ES,Spain,97
2022,HU,Hungary,FI,Finland,82
2022,HU,Hungary,FR,France,104
2022,HU,Hungary,HR,Croatia,68
2022,HU,Hungary,HU,Hungary,37
2022,HU,Hungary,IT,Italy,92
2022,HU,Hungary,MT,Malta,80
2022,HU,Hungary,NL,Netherlands,102
2022,HU,Hungary,NO,Norway,52
2022,HU,Hungary,PL,Poland,78
2022,HU,Hungary,PT,Portugal,56
2022,HU,Hungary,RO,Romania,29
2022,HU,Hungary,SE,Sweden,37
2022,HU,Hungary,SI,Slovenia,95
2022,HU,Hungary,SK,Slovakia,45
2022,HU,Hungary,TR,Turkey,106
2022,HU,Hungary,UK,United Kingdom,89
2022,IE,Ireland,BE,Belgium,131
2022,IE,Ireland,DE,Germany,153
2022,IE,Ireland,EL,Greece,143
2022,IE,Ireland,ES,Spain,164
2022,IE,Ireland,FR,France,155
2022,IE,Ireland,HR,Croatia,158
2022,IE,Ireland,IE,Ireland,90
2022,IE,Ireland,IT,Italy,198
2022,IE,Ireland,NL,Netherlands,278
2022,IE,Ireland,PL,Poland,66
2022,IE,Ireland,PT,Portugal,149
2022,IE,Ireland,UK,United Kingdom,138
2022,IT,Italy,AT,Austria,116
2022,IT,Italy,CH,Switzerland,62
2022,IT,Italy,DE,Germany,73
2022,IT,Italy,EL,Greece,117
2022,IT,Italy,ES,Spain,121
2022,IT,Italy,FR,France,100
2022,IT,Italy,HR,Croatia,73
2022,IT,Italy,IT,Italy,75
2022,IT,Italy,RO,Romania,33
2022,IT,Italy,UK,United Kingdom,84
2022,LT,Lithuania,AT,Austria,98
2022,LT,Lithuania,BE,Belgium,82
2022,LT,Lithuania,BG,Bulgaria,88
2022,LT,Lithuania,CH,Switzerland,60
2022,LT,Lithuania,CY,Cyprus,74
2022,LT,Lithuania,CZ,Czechia,87
2022,LT,Lithuania,DE,Germany,95
2022,LT,Lithuania,DK,Denmark,104
2022,LT,Lithuania,EE,Estonia,104
2022,LT,Lithuania,EL,Greece,78
2022,LT,Lithuania,ES,Spain,72
2022,LT,Lithuania,FI,Finland,89
2022,LT,Lithuania,FR,France,83
2022,LT,Lithuania,IE,Ireland,44
2022,LT,Lithuania,IT,Italy,114
2022,LT,Lithuania,LT,Lithuania,43
2022,LT,Lithuania,LV,Latvia,88
2022,LT,Lithuania,NL,Netherlands,95
2022,LT,Lithuania,NO,Norway,100
2022,LT,Lithuania,PL,Poland,94
2022,LT,Lithuania,PT,Portugal,79
2022,LT,Lithuania,SE,Sweden,90
2022,LT,Lithuania,TR,Turkey,78
2022,LT,Lithuania,UK,United Kingdom,69
2022,LU,Luxembourg,AT,Austria,256
2022,LU,Luxembourg,BE,Belgium,173
2022,LU,Luxembourg,BG,Bulgaria,101
2022,LU,Luxembourg,CH,Switzerland,247
2022,LU,Luxembourg,CZ,Czechia,96
2022,LU,Luxembourg,DE,Germany,202
2022,LU,Luxembourg,DK,Denmark,213
2022,LU,Luxembourg,EL,Greece,214
2022,LU,Luxembourg,ES,Spain,251
2022,LU,Luxembourg,FI,Finland,130
2022,LU,Luxembourg,FR,France,177
2022,LU,Luxembourg,HR,Croatia,166
2022,LU,Luxembourg,HU,Hungary,153
2022,LU,Luxembourg,IE,Ireland,143
2022,LU,Luxembourg,IT,Italy,237
2022,LU,Luxembourg,LU,Luxembourg,119
2022,LU,Luxembourg,MT,Malta,188
2022,LU,Luxembourg,NL,Netherlands,191
2022,LU,Luxembourg,PL,Poland,167
2022,LU,Luxembourg,PT,Portugal,209
2022,LU,Luxembourg,RO,Romania,109
2022,LU,Luxembourg,SE,Sweden,131
2022,LU,Luxembourg,SI,Slovenia,97
2022,LU,Luxembourg,SK,Slovakia,70
2022,LU,Luxembourg,TR,Turkey,172
2022,LU,Luxembourg,UK,United Kingdom,286
2022,LV,Latvia,CZ,Czechia,80
2022,LV,Latvia,DE,Germany,121
2022,LV,Latvia,EE,Estonia,90
2022,LV,Latvia,EL,Greece,128
2022,LV,Latvia,ES,Spain,119
2022,LV,Latvia,FI,Finland,98
2022,LV,Latvia,FR,France,134
2022,LV,Latvia,IE,Ireland,56
2022,LV,Latvia,IT,Italy,132
2022,LV,Latvia,LT,Lithuania,89
2022,LV,Latvia,LV,Latvia,26
2022,LV,Latvia,NO,Norway,64
2022,LV,Latvia,PL,Poland,106
2022,LV,Latvia,SE,Sweden,95
2022,LV,Latvia,TR,Turkey,125
2022,LV,Latvia,UK,United Kingdom,59
2022,MT,Malta,AT,Austria,157
2022,MT,Malta,BE,Belgium,78
2022,MT,Malta,BG,Bulgaria,122
2022,MT,Malta,CH,Switzerland,183
2022,MT,Malta,CY,Cyprus,149
2022,MT,Malta,DE,Germany,153
2022,MT,Malta,EL,Greece,153
2022,MT,Malta,ES,Spain,170
2022,MT,Malta,FR,France,181
2022,MT,Malta,HR,Croatia,140
2022,MT,Malta,HU,Hungary,140
2022,MT,Malta,IE,Ireland,80
2022,MT,Malta,IT,Italy,167
2022,MT,Malta,MT,Malta,61
2022,MT,Malta,NL,Netherlands,148
2022,MT,Malta,PL,Poland,132
2022,MT,Malta,PT,Portugal,133
2022,MT,Malta,TR,Turkey,164
2022,MT,Malta,UK,United Kingdom,192
2022,NL,Netherlands,AT,Austria,109
2022,NL,Netherlands,BE,Belgium,83
2022,NL,Netherlands,BG,Bulgaria,25
2022,NL,Netherlands,CH,Switzerland,108
2022,NL,Netherlands,CY,Cyprus,127
2022,NL,Netherlands,CZ,Czechia,109
2022,NL,Netherlands,DE,Germany,94
2022,NL,Netherlands,DK,Denmark,110
2022,NL,Netherlands,EL,Greece,101
2022,NL,Netherlands,ES,Spain,130
2022,NL,Netherlands,FI,Finland,126
2022,NL,Netherlands,FR,France,96
2022,NL,Netherlands,HR,Croatia,68
2022,NL,Netherlands,HU,Hungary,74
2022,NL,Netherlands,IE,Ireland,131
2022,NL,Netherlands,IS,Iceland,167
2022,NL,Netherlands,IT,Italy,125
2022,NL,Netherlands,LU,Luxembourg,67
2022,NL,Netherlands,MT,Malta,104
2022,NL,Netherlands,NL,Netherlands,60
2022,NL,Netherlands,NO,Norway,133
2022,NL,Netherlands,PL,Poland,127
2022,NL,Netherlands,PT,Portugal,119
2022,NL,Netherlands,RO,Romania,76
2022,NL,Netherlands,SE,Sweden,132
2022,NL,Netherlands,SI,Slovenia,54
2022,NL,Netherlands,TR,Turkey,82
2022,NL,Netherlands,UK,United Kingdom,134
2022,PL,Poland,AT,Austria,76
2022,PL,Poland,BE,Belgium,85
2022,PL,Poland,BG,Bulgaria,79
2022,PL,Poland,CH,Switzerland,97
2022,PL,Poland,CY,Cyprus,76
2022,PL,Poland,CZ,Czechia,154
2022,PL,Poland,DE,Germany,102
2022,PL,Poland,DK,Denmark,86
2022,PL,Poland,EE,Estonia,110
2022,PL,Poland,EL,Greece,105
2022,PL,Poland,ES,Spain,105
2022,PL,Poland,FI,Finland,75
2022,PL,Poland,FR,France,98
2022,PL,Poland,HR,Croatia,89
2022,PL,Poland,HU,Hungary,206
2022,PL,Poland,IE,Ireland,26
2022,PL,Poland,IS,Iceland,75
2022,PL,Poland,IT,Italy,95
2022,PL,Poland,LT,Lithuania,103
2022,PL,Poland,LU,Luxembourg,61
2022,PL,Poland,LV,Latvia,116
2022,PL,Poland,MT,Malta,87
2022,PL,Poland,NL,Netherlands,85
2022,PL,Poland,NO,Norway,72
2022,PL,Poland,PL,Poland,39
2022,PL,Poland,PT,Portugal,82
2022,PL,Poland,RO,Romania,85
2022,PL,Poland,SE,Sweden,70
2022,PL,Poland,SI,Slovenia,55
2022,PL,Poland,SK,Slovakia,88
2022,PL,Poland,TR,Turkey,91
2022,PL,Poland,UK,United Kingdom,63
2022,PT,Portugal,AT,Austria,124
2022,PT,Portugal,BE,Belgium,120
2022,PT,Portugal,CH,Switzerland,104
2022,PT,Portugal,CZ,Czechia,96
2022,PT,Portugal,DE,Germany,114
2022,PT,Portugal,DK,Denmark,72
2022,PT,Portugal,EL,Greece,132
2022,PT,Portugal,ES,Spain,109
2022,PT,Portugal,FR,France,104
2022,PT,Portugal,IE,Ireland,119
2022,PT,Portugal,IT,Italy,150
2022,PT,Portugal,LU,Luxembourg,79
2022,PT,Portugal,NL,Netherlands,134
2022,PT,Portugal,PT,Portugal,47
2022,PT,Portugal,SE,Sweden,105
2022,PT,Portugal,UK,United Kingdom,118
2022,RO,Romania,AT,Austria,114
2022,RO,Romania,BG,Bulgaria,116
2022,RO,Romania,DE,Germany,69
2022,RO,Romania,EL,Greece,119
2022,RO,Romania,ES,Spain,151
2022,RO,Romania,FR,France,91
2022,RO,Romania,HU,Hungary,60
2022,RO,Romania,IT,Italy,107
2022,RO,Romania,RO,Romania,60
2022,RO,Romania,TR,Turkey,148
2022,RO,Romania,UK,United Kingdom,71
2022,SE,Sweden,DE,Germany,249
2022,SE,Sweden,DK,Denmark,194
2022,SE,Sweden,EL,Greece,162
2022,SE,Sweden,ES,Spain,110
2022,SE,Sweden,FI,Finland,196
2022,SE,Sweden,FR,France,212
2022,SE,Sweden,IT,Italy,160
2022,SE,Sweden,PL,Poland,160
2022,SE,Sweden,SE,Sweden,90
2022,SE,Sweden,UK,United Kingdom,138
2022,SI,Slovenia,AT,Austria,111
2022,SI,Slovenia,BE,Belgium,87
2022,SI,Slovenia,CZ,Czechia,147
2022,SI,Slovenia,DE,Germany,146
2022,SI,Slovenia,EL,Greece,103
2022,SI,Slovenia,ES,Spain,111
2022,SI,Slovenia,FR,France,128
2022,SI,Slovenia,HR,Croatia,64
2022,SI,Slovenia,HU,Hungary,123
2022,SI,Slovenia,IT,Italy,134
2022,SI,Slovenia,NL,Netherlands,125
2022,SI,Slovenia,PT,Portugal,97
2022,SI,Slovenia,SI,Slovenia,64
2022,SI,Slovenia,TR,Turkey,153
2022,SK,Slovakia,AT,Austria,121
2022,SK,Slovakia,BG,Bulgaria,81
2022,SK,Slovakia,CZ,Czechia,69
2022,SK,Slovakia,DE,Germany,110
2022,SK,Slovakia,EL,Greece,137
2022,SK,Slovakia,ES,Spain,120
2022,SK,Slovakia,HR,Croatia,75
2022,SK,Slovakia,HU,Hungary,79
2022,SK,Slovakia,IT,Italy,131
2022,SK,Slovakia,PL,Poland,107
2022,SK,Slovakia,SK,Slovakia,52
2022,SK,Slovakia,TR,Turkey,115
2022,SK,Slovakia,UK,United Kingdom,100
